Date,Open,High,Low,Close,Volume,diff,dea,macd
2021-04-01 09:35,15.25,15.42,15.18,15.27,55800.0,0.0,0.0,0.0
2021-04-01 09:40,15.27,15.27,15.14,15.17,34800.0,-0.007977207977209133,-0.0015954415954418267,-0.012763532763534613
2021-04-01 09:45,15.17,15.19,15.04,15.09,25800.0,-0.02051801527585262,-0.005379956331523985,-0.030276117888657268
2021-04-01 09:50,15.09,15.14,15.08,15.13,8600.0,-0.026918727372784446,-0.009687710539776077,-0.03446203366601674
2021-04-01 09:55,15.13,15.19,15.13,15.18,5900.0,-0.02763816018522114,-0.01327780046886509,-0.028720719432712098
2021-04-01 10:00,15.18,15.22,15.17,15.22,10700.0,-0.024695970392285105,-0.015561434453549095,-0.01826907187747202
2021-04-01 10:05,15.22,15.29,15.18,15.29,10800.0,-0.016525354795057012,-0.015754218521850678,-0.0015422725464126694
2021-04-01 10:10,15.29,15.29,15.27,15.27,16600.0,-0.011530993802411516,-0.014909573577962845,0.006757159551102659
2021-04-01 10:15,15.25,15.28,15.24,15.24,1900.0,-0.009879787967122411,-0.013903616455794758,0.008047656977344695
2021-04-01 10:20,15.24,15.27,15.24,15.27,2700.0,-0.0060803556122142055,-0.012338964287078648,0.012517217349728885
2021-04-01 10:25,15.27,15.28,15.25,15.28,2500.0,-0.0022365797716190627,-0.010318487383986732,0.01616381522473534
2021-04-01 10:30,15.28,15.28,15.27,15.27,5300.0,2.6928074401411095e-06,-0.008254251345701359,0.016513888306283
2021-04-01 10:35,15.27,15.28,15.27,15.27,3000.0,0.0017570779584712426,-0.006251985484866839,0.016018126886676164
2021-04-01 10:40,15.27,15.29,15.27,15.29,13700.0,0.004707014154195832,-0.0040601855570543055,0.017534399422500277
2021-04-01 10:45,15.29,15.29,15.25,15.27,1000.0,0.00536913494396174,-0.0021743214568510968,0.015086912801625673
2021-04-01 10:50,15.27,15.27,15.25,15.25,2400.0,0.004231262230028676,-0.0008932047194751422,0.010248933899007637
2021-04-01 10:55,15.25,15.26,15.24,15.24,6000.0,0.002493826203670224,-0.00021579853484606892,0.005419249477032586
2021-04-01 11:00,15.24,15.27,15.23,15.27,6100.0,0.0034973298730065494,0.0005268271467244547,0.005941005452564189
2021-04-01 11:05,15.27,15.32,15.26,15.3,16600.0,0.00663685747863596,0.001748833213106756,0.009776048531058408
2021-04-01 11:10,15.3,15.39,15.28,15.38,23400.0,0.015402734007507135,0.004479613371986832,0.021846241271040606
2021-04-01 11:15,15.38,15.38,15.3,15.3,1200.0,0.015713289874769387,0.006726348672543344,0.017973882404452086
2021-04-01 11:20,15.3,15.39,15.3,15.39,29500.0,0.022957021225190388,0.009972483183072752,0.025969076084235272
2021-04-01 11:25,15.39,15.39,15.32,15.36,1300.0,0.02597752845158574,0.013173492236775351,0.02560807242962078
2021-04-01 11:30,15.36,15.36,15.35,15.36,500.0,0.028047982507006353,0.016148390290821553,0.0237991844323696
2021-04-01 13:05,15.36,15.37,15.33,15.33,5400.0,0.02695733559878022,0.01831017935241329,0.01729431249273386
2021-04-01 13:10,15.34,15.36,15.33,15.33,2100.0,0.0257956340541714,0.01980727029276491,0.01197672752281298
2021-04-01 13:15,15.33,15.33,15.31,15.32,12100.0,0.023793780888974325,0.020604572412006795,0.006378416953935061
2021-04-01 13:20,15.32,15.37,15.32,15.35,11400.0,0.024347385606967364,0.02135313505099891,0.005988501111936911
2021-04-01 13:25,15.35,15.35,15.32,15.32,2700.0,0.02211049602012949,0.021504607244825027,0.0012117775506089237
2021-04-01 13:30,15.32,15.33,15.32,15.33,200.0,0.02090369653163826,0.021384425102187677,-0.0009614571410988329
2021-04-01 13:35,15.33,15.33,15.31,15.31,600.0,0.01812453799755609,0.02073244768126136,-0.005215819367410543
2021-04-01 13:40,15.31,15.34,15.31,15.32,4900.0,0.01653830794381861,0.01989361973377281,-0.006710623579908405
2021-04-01 13:45,15.32,15.4,15.32,15.4,23200.0,0.021488830745660437,0.020212661936150338,0.002552337619020198
2021-04-01 13:50,15.4,15.4,15.37,15.37,3900.0,0.02272939612321956,0.020716008773564186,0.004026774699310745
2021-04-01 13:55,15.37,15.42,15.37,15.4,5200.0,0.025835486990274603,0.02173990441690627,0.008191165146736665
2021-04-01 14:00,15.42,15.42,15.38,15.38,5900.0,0.02637917086628505,0.022667757706782025,0.007422826319006051
2021-04-01 14:05,15.38,15.41,15.38,15.38,1800.0,0.026504516685196933,0.02343510950246501,0.006138814365463846
2021-04-01 14:10,15.38,15.41,15.37,15.41,5100.0,0.028693838717844145,0.024486855345540837,0.008413966744606614
2021-04-01 14:15,15.41,15.41,15.39,15.41,4000.0,0.0300821241996303,0.02560590911635873,0.008952430166543138
2021-04-01 14:20,15.41,15.43,15.4,15.41,17700.0,0.03082699602496497,0.02665012649807998,0.00835373905376998
2021-04-01 14:25,15.41,15.45,15.41,15.42,17398.0,0.031857001061624146,0.027691501410788816,0.00833099930167066
2021-04-01 14:30,15.42,15.45,15.41,15.44,7500.0,0.03389638391300309,0.02893247791123167,0.00992781200354284
2021-04-01 14:35,15.44,15.44,15.42,15.42,1700.0,0.03351246581749834,0.029848475492485007,0.007327980650026662
2021-04-01 14:40,15.42,15.44,15.42,15.43,4100.0,0.033627487642188925,0.030604277922425795,0.00604641943952626
2021-04-01 14:45,15.42,15.42,15.4,15.4,4300.0,0.030941222830852766,0.030671666904111192,0.0005391118534831471
2021-04-01 14:50,15.4,15.44,15.39,15.44,13000.0,0.03167487606606478,0.030872308736501913,0.0016051346591257412
2021-04-01 14:55,15.42,15.43,15.36,15.36,23800.0,0.025506941978939324,0.0297992353849894,-0.00858458681210015
2021-04-01 15:00,15.36,15.38,15.36,15.38,7800.0,0.02197927918157383,0.02823524414430629,-0.012511929925464918
2021-04-02 09:35,15.38,15.5,15.27,15.28,16800.0,0.010987756714332164,0.024785746658311465,-0.027595979887958602
2021-04-02 09:40,15.29,15.33,15.28,15.32,8800.0,0.005441831627866378,0.02091696365222245,-0.030950264048712144
2021-04-02 09:45,15.32,15.32,15.27,15.32,15700.0,0.0010347184504055917,0.016940514611859078,-0.03181159232290697
2021-04-02 09:50,15.32,15.35,15.27,15.32,18900.0,-0.00242993966242544,0.013066423757002175,-0.03099272683885523
2021-04-02 09:55,15.32,15.55,15.32,15.47,54100.0,0.006849088194044839,0.01182295664441071,-0.009947736900731741
2021-04-02 10:00,15.48,15.48,15.41,15.41,8800.0,0.009254604740350558,0.01130928626359868,-0.004109363046496242
2021-04-02 10:05,15.4,15.47,15.4,15.46,2800.0,0.015022407108649105,0.012051910432608766,0.005940993352080679
2021-04-02 10:10,15.46,15.47,15.42,15.42,13100.0,0.016179261874594175,0.012877380721005848,0.006603762307176655
2021-04-02 10:15,15.42,15.44,15.4,15.44,4300.0,0.018496692111453328,0.014001242999095345,0.008990898224715965
2021-04-02 10:20,15.44,15.45,15.38,15.4,11800.0,0.016910670876953304,0.014583128574666938,0.0046550846045727325
2021-04-02 10:25,15.43,15.5,15.4,15.47,8300.0,0.02105939303366,0.01587838146646555,0.0103620231343889
2021-04-02 10:30,15.47,15.47,15.4,15.4,3600.0,0.0184857777087597,0.016399860714924382,0.004171833987670633
2021-04-02 10:35,15.43,15.43,15.41,15.41,2400.0,0.017056469090006132,0.01653118238994073,0.0010505734001308026
2021-04-02 10:40,15.41,15.43,15.41,15.43,5400.0,0.01733770627941489,0.016692487167835564,0.0012904382231586492
2021-04-02 10:45,15.42,15.44,15.42,15.44,1100.0,0.018158188906109984,0.01698562751549045,0.0023451227812390715
2021-04-02 10:50,15.44,15.54,15.43,15.51,35200.0,0.024178131831227745,0.01842412837863791,0.011508006905179669
2021-04-02 10:55,15.51,15.53,15.5,15.51,8400.0,0.02861907706508049,0.020463118115926427,0.016311917898308124
2021-04-02 11:00,15.51,15.54,15.5,15.53,11400.0,0.03336774837861256,0.023044044168463656,0.02064740842029781
2021-04-02 11:05,15.55,15.58,15.54,15.56,13000.0,0.039101120508831855,0.026255459436537294,0.02569132214458912
2021-04-02 11:10,15.56,15.56,15.51,15.52,34500.0,0.039956598724714354,0.02899568729417271,0.02192182286108329
2021-04-02 11:15,15.52,15.54,15.51,15.54,2500.0,0.04176694093117739,0.031549938021573645,0.020434005819207485
2021-04-02 11:20,15.54,15.54,15.5,15.5,2700.0,0.0395184404840343,0.03314363851406578,0.012749603939937043
2021-04-02 11:25,15.5,15.5,15.5,15.5,0.0,0.03730644223645463,0.033976199258543546,0.006660485955822165
2021-04-02 11:30,15.5,15.54,15.5,15.54,5800.0,0.038339133726397634,0.03484878615211436,0.006980695148566543
2021-04-02 13:05,15.54,15.55,15.53,15.53,2700.0,0.03791358849798954,0.0354617466212894,0.004903683753400279
2021-04-02 13:10,15.53,15.53,15.53,15.53,600.0,0.037148120430170906,0.0357990213830657,0.002698198094210416
2021-04-02 13:15,15.53,15.54,15.53,15.54,800.0,0.03692277512996789,0.03602377213244614,0.0017980059950434973
2021-04-02 13:20,15.54,15.56,15.54,15.56,2200.0,0.03792089177362712,0.03640319606068234,0.003035391425889558
2021-04-02 13:25,15.56,15.65,15.52,15.52,28900.0,0.03507986188733625,0.03613852922601313,-0.002117334677353755
2021-04-02 13:30,15.58,15.61,15.51,15.61,12000.0,0.03963370044494674,0.036837563469799856,0.005592273950293769
2021-04-02 13:35,15.63,15.63,15.59,15.59,7600.0,0.04115441497931194,0.03770093377170228,0.00690696241521932
2021-04-02 13:40,15.59,15.59,15.58,15.58,600.0,0.041079141010746056,0.03837657521951103,0.005405131582470052
2021-04-02 13:45,15.59,15.59,15.56,15.59,2500.0,0.04134974811787373,0.03897120979918357,0.004757076637380314
2021-04-02 13:50,15.59,15.59,15.57,15.58,600.0,0.040292819234649,0.03923553168627666,0.002114575096744689
2021-04-02 13:55,15.58,15.59,15.58,15.58,3500.0,0.039005563622611206,0.03918953807354357,-0.0003679489018647286
2021-04-02 14:00,15.58,15.6,15.56,15.6,7700.0,0.03914796377132923,0.039181223213100705,-6.651888354294866e-05
2021-04-02 14:05,15.6,15.6,15.55,15.57,1800.0,0.03642023780498249,0.03862902613147707,-0.004417576652989155
2021-04-02 14:10,15.57,15.57,15.55,15.56,3200.0,0.033070364323597445,0.03751729376990115,-0.00889385889260741
2021-04-02 14:15,15.56,15.56,15.53,15.53,3400.0,0.0276757869313613,0.03554899240219318,-0.015746410941663763
2021-04-02 14:20,15.53,15.56,15.52,15.56,8100.0,0.02552703499235598,0.033544600920225744,-0.01603513185573953
2021-04-02 14:25,15.56,15.59,15.55,15.56,10900.0,0.023552633501768838,0.031546207436534364,-0.01598714786953105
2021-04-02 14:30,15.57,15.58,15.56,15.58,4100.0,0.02333277326268579,0.02990352060176465,-0.013141494678157721
2021-04-02 14:35,15.58,15.6,15.58,15.59,32000.0,0.02369233833733375,0.028661284148878474,-0.009937891623089445
2021-04-02 14:40,15.58,15.59,15.57,15.57,4200.0,0.022108609112772015,0.027350749141657183,-0.010484280057770336
2021-04-02 14:45,15.57,15.59,15.57,15.58,13500.0,0.021413566454066668,0.02616331260413908,-0.009499492300144824
2021-04-02 14:50,15.56,15.59,15.56,15.58,15200.0,0.020624988115148568,0.02505564770634098,-0.008861319182384822
2021-04-02 14:55,15.58,15.59,15.56,15.58,22600.0,0.019772113483629283,0.023998940861798643,-0.008453654756338719
2021-04-02 15:00,15.57,15.58,15.54,15.55,16300.0,0.016485421239750053,0.022496236937388926,-0.012021631395277746
2021-04-06 09:35,15.56,15.62,15.48,15.51,17700.0,0.01053162621973236,0.020103314793857616,-0.019143377148250512
2021-04-06 09:40,15.51,15.66,15.51,15.66,20700.0,0.01771276543516187,0.01962520492211847,-0.003824878973913197
2021-04-06 09:45,15.68,15.72,15.63,15.72,38200.0,0.027923484017792433,0.021284860741253263,0.01327724655307834
2021-04-06 09:50,15.72,15.97,15.72,15.9,142300.0,0.04996409277605984,0.027020707148214577,0.04588677125569053
2021-04-06 09:55,15.91,15.97,15.86,15.97,89700.0,0.07224703020460588,0.03606597175949284,0.07236211689022608
2021-04-06 10:00,15.97,15.97,15.9,15.94,41900.0,0.08648868169187729,0.046150513745969735,0.08067633589181511
2021-04-06 10:05,15.94,15.95,15.88,15.95,45900.0,0.0974587655443866,0.05641216410565311,0.08209320287746696
2021-04-06 10:10,15.96,15.96,15.92,15.94,11500.0,0.10414519858502125,0.06595877100152675,0.076372855166989
2021-04-06 10:15,15.93,15.93,15.89,15.9,23600.0,0.10500613388939328,0.07376824357910006,0.06247578062058645
2021-04-06 10:20,15.9,15.93,15.84,15.84,11200.0,0.09969767996672907,0.07895413085662586,0.04148709822020641
2021-04-06 10:25,15.84,15.85,15.82,15.84,4300.0,0.09440247897356713,0.08204380048001413,0.024717356987106004
2021-04-06 10:30,15.84,15.91,15.82,15.88,9900.0,0.09236888869147641,0.08410881812230658,0.01652014113833966
2021-04-06 10:35,15.88,15.93,15.88,15.91,52400.0,0.09211614543694502,0.08571028358523428,0.012811723703421485
2021-04-06 10:40,15.9,15.9,15.88,15.88,4700.0,0.0884752081812632,0.08626326850444006,0.004423879353646271
2021-04-06 10:45,15.88,15.91,15.88,15.91,3200.0,0.08700751992474665,0.08641211878850139,0.001190802272490521
2021-04-06 10:50,15.91,15.92,15.89,15.92,5900.0,0.08566380382719352,0.08626245579623983,-0.0011973039380926143
2021-04-06 10:55,15.92,15.94,15.91,15.93,9700.0,0.08443252991797401,0.08589647062058667,-0.002927881405225319
2021-04-06 11:00,15.92,15.93,15.92,15.93,1500.0,0.08250566255413716,0.08521830900729678,-0.00542529290631924
2021-04-06 11:05,15.92,15.92,15.9,15.91,4700.0,0.0784603315704544,0.0838667135199283,-0.010812763898947808
2021-04-06 11:10,15.91,15.93,15.91,15.93,6000.0,0.07599221947132584,0.08229181471020781,-0.01259919047776395
2021-04-06 11:15,15.93,15.93,15.92,15.92,2100.0,0.0723947844139321,0.08031240865095268,-0.015835248474041164
2021-04-06 11:20,15.92,15.92,15.9,15.9,3000.0,0.06715582778020313,0.07768109247680277,-0.02105052939319929
2021-04-06 11:25,15.92,15.92,15.88,15.88,4900.0,0.06069048195286264,0.07428297037201476,-0.02718497683830423
2021-04-06 11:30,15.88,15.92,15.87,15.89,12300.0,0.05573113143910291,0.07057260258543238,-0.029682942292658943
2021-04-06 13:05,15.89,15.91,15.88,15.89,1000.0,0.05121048780081061,0.06670017962850802,-0.03097938365539482
2021-04-06 13:10,15.91,15.91,15.87,15.89,3300.0,0.04708507768191161,0.06277715923918875,-0.031384163114554275
2021-04-06 13:15,15.89,15.9,15.88,15.89,6700.0,0.04331633667500334,0.05888499472635167,-0.031137316102696655
2021-04-06 13:20,15.89,15.9,15.88,15.9,1300.0,0.04066770669323638,0.055241537119728616,-0.029147660852984467
2021-04-06 13:25,15.9,15.9,15.88,15.89,1500.0,0.03733139879648917,0.05165950945508073,-0.028656221317183123
2021-04-06 13:30,15.89,15.9,15.89,15.9,1900.0,0.03508977410477421,0.04834556238501943,-0.02651157656049044
2021-04-06 13:35,15.9,15.9,15.89,15.9,7400.0,0.03293363197759369,0.04526317630353428,-0.024659088651881184
2021-04-06 13:40,15.9,15.9,15.86,15.86,3900.0,0.027678151599003442,0.04174617136262812,-0.028136039527249357
2021-04-06 13:45,15.86,15.88,15.84,15.84,9100.0,0.02164974786536078,0.037726886663174655,-0.03215427759562775
2021-04-06 13:50,15.84,15.9,15.84,15.86,21400.0,0.018275360349084835,0.0338365814003567,-0.031122442102543724
2021-04-06 13:55,15.86,15.89,15.86,15.89,2400.0,0.017816505624375978,0.030632566245160555,-0.025632121241569154
2021-04-06 14:00,15.89,15.9,15.89,15.89,6700.0,0.017253966958300282,0.0279568463877885,-0.021405758858976436
2021-04-06 14:05,15.89,15.89,15.87,15.89,5700.0,0.016616605132078632,0.02568879813664653,-0.018144386009135795
2021-04-06 14:10,15.89,15.9,15.86,15.87,6400.0,0.014332442959034353,0.023417527101124096,-0.018170168284179486
2021-04-06 14:15,15.87,15.89,15.86,15.89,300.0,0.01397496612306881,0.02152901490551304,-0.015108097564888456
2021-04-06 14:20,15.89,15.89,15.89,15.89,2000.0,0.013535632805741216,0.019930338485558675,-0.01278941135963492
2021-04-06 14:25,15.89,15.89,15.89,15.89,2800.0,0.013037173565031424,0.018551705501453224,-0.011029063872843602
2021-04-06 14:30,15.89,15.89,15.89,15.89,700.0,0.012498071042369219,0.017340978609636425,-0.009685815134534412
2021-04-06 14:35,15.88,15.88,15.87,15.87,3700.0,0.010337827515582987,0.01594034839082574,-0.011205041750485506
2021-04-06 14:40,15.87,15.89,15.86,15.88,9800.0,0.009325239823478881,0.014617326677356369,-0.010584173707754975
2021-04-06 14:45,15.88,15.88,15.84,15.85,7000.0,0.006032468955607939,0.012900355133006684,-0.01373577235479749
2021-04-06 14:50,15.85,15.88,15.82,15.83,25600.0,0.001788475039692372,0.010677979114343823,-0.017779008149302902
2021-04-06 14:55,15.83,15.86,15.83,15.85,39200.0,3.846869486068272e-05,0.008550077030447195,-0.017023216671173024
2021-04-06 15:00,15.85,15.9,15.85,15.9,20400.0,0.00265554670167667,0.00737117096469309,-0.00943124852603284
2021-04-07 09:35,15.8,15.93,15.74,15.77,105600.0,-0.005694669067363378,0.004758002958281797,-0.02090534405129035
2021-04-07 09:40,15.77,15.8,15.74,15.76,21900.0,-0.012969685193334968,0.0012124653279584436,-0.028364301042586824
2021-04-07 09:45,15.76,15.83,15.76,15.8,19600.0,-0.015330798281283364,-0.002096187393889918,-0.026469221774786892
2021-04-07 09:50,15.8,15.84,15.75,15.78,22100.0,-0.018601404851255054,-0.0053972308853629455,-0.026408347931784218
2021-04-07 09:55,15.78,15.81,15.74,15.81,8600.0,-0.01855870168127538,-0.008029525044545432,-0.021058353273459895
2021-04-07 10:00,15.81,15.81,15.75,15.75,29600.0,-0.023100074392187864,-0.011043634914073919,-0.02411287895622789
2021-04-07 10:05,15.75,15.8,15.73,15.75,14200.0,-0.02639488122390432,-0.014113884176039999,-0.024561994095728644
2021-04-07 10:10,15.75,15.86,15.75,15.82,13100.0,-0.023091440636514804,-0.01590939546813496,-0.014364090336759686
2021-04-07 10:15,15.83,15.87,15.82,15.83,12100.0,-0.01944240381578055,-0.01661599713766408,-0.0056528133562329455
2021-04-07 10:20,15.83,15.87,15.83,15.87,1700.0,-0.013171022787389575,-0.015927002267609177,0.005511958960439205
2021-04-07 10:25,15.87,15.87,15.83,15.86,2700.0,-0.00890517129463575,-0.014522636073014492,0.011234929556757485
2021-04-07 10:30,15.86,15.87,15.82,15.87,4100.0,-0.0046637757228786825,-0.012550864002987331,0.015774176560217297
2021-04-07 10:35,15.87,15.87,15.83,15.86,3600.0,-0.002085317360702277,-0.010457754674530322,0.01674487462765609
2021-04-07 10:40,15.86,15.86,15.79,15.85,34000.0,-0.0008391141725478946,-0.008534026574133838,0.015389824803171887
2021-04-07 10:45,15.85,15.86,15.8,15.81,7900.0,-0.0030440647895488837,-0.007436034217216847,0.008783938855335927
2021-04-07 10:50,15.81,15.85,15.78,15.79,8300.0,-0.006332341600138847,-0.007215295693801247,0.0017659081873248016
2021-04-07 10:55,15.79,15.8,15.77,15.77,4400.0,-0.010431905009003373,-0.007858617556841673,-0.005146574904323398
2021-04-07 11:00,15.77,15.82,15.75,15.8,31600.0,-0.011131769161147886,-0.008513247877702915,-0.005237042566889942
2021-04-07 11:05,15.8,15.8,15.74,15.76,5700.0,-0.014744121198740245,-0.009759422541910381,-0.009969397313659728
2021-04-07 11:10,15.75,15.76,15.73,15.74,39300.0,-0.01900172896382024,-0.011607883826292353,-0.014787690275055776
2021-04-07 11:15,15.74,15.76,15.74,15.75,5700.0,-0.02132319682576167,-0.013550946426186218,-0.015544500799150904
2021-04-07 11:20,15.75,15.78,15.75,15.78,1700.0,-0.020505848890522316,-0.014941926919053439,-0.011127843942937754
2021-04-07 11:25,15.78,15.78,15.75,15.77,4700.0,-0.020429512486668244,-0.0160394440325764,-0.008780136908183689
2021-04-07 11:30,15.77,15.8,15.77,15.78,4800.0,-0.01933916900801691,-0.016699389027664505,-0.0052795599607048105
2021-04-07 13:05,15.79,15.84,15.79,15.81,2900.0,-0.015871359513255356,-0.016533783124782674,0.0013248472230546343
2021-04-07 13:10,15.81,15.84,15.81,15.84,2700.0,-0.010580382165356284,-0.015343102932897397,0.009525441535082228
2021-04-07 13:15,15.8,15.82,15.8,15.82,500.0,-0.007909896982068787,-0.013856461742731675,0.011893129521325776
2021-04-07 13:20,15.82,15.82,15.76,15.76,5500.0,-0.010513820021007092,-0.01318793339838676,0.005348226754759336
2021-04-07 13:25,15.75,15.8,15.75,15.77,5200.0,-0.011636394253555338,-0.012877625569420476,0.002482462631730277
2021-04-07 13:30,15.77,15.82,15.77,15.82,1300.0,-0.008394691509785446,-0.01198103875749347,0.007172694495416049
2021-04-07 13:35,15.82,15.82,15.81,15.81,5600.0,-0.006556950710422171,-0.01089622114807921,0.008678540875314077
2021-04-07 13:40,15.81,15.84,15.81,15.84,23300.0,-0.002649239819634275,-0.009246824882390222,0.013195170125511895
2021-04-07 13:45,15.84,15.86,15.83,15.84,6200.0,0.00044254779929531196,-0.007308950346053116,0.015502996290696855
2021-04-07 13:50,15.85,15.85,15.83,15.85,6500.0,0.003657566044335425,-0.0051156470679754075,0.017546426224621665
2021-04-07 13:55,15.84,15.85,15.84,15.85,5300.0,0.006134773318434483,-0.0028655629906934295,0.018000672618255824
2021-04-07 14:00,15.87,15.9,15.87,15.89,12200.0,0.011196576472576325,-5.3135098039478607e-05,0.022499423141231607
2021-04-07 14:05,15.89,15.89,15.87,15.88,9400.0,0.014237059553765974,0.002804903832321612,0.022864311442888724
2021-04-07 14:10,15.88,15.9,15.88,15.88,30100.0,0.016456958725026283,0.005535314810862547,0.021843287828327472
2021-04-07 14:15,15.88,15.9,15.88,15.9,900.0,0.01960409387373474,0.008349070623436986,0.02251004650059551
2021-04-07 14:20,15.9,15.93,15.88,15.93,10600.0,0.024239551966042328,0.011527166891958054,0.025424770148168546
2021-04-07 14:25,15.93,16.04,15.93,15.96,27800.0,0.02998824930940458,0.01521938337544736,0.02953773186791444
2021-04-07 14:30,15.96,15.96,15.93,15.94,2500.0,0.03255502643814445,0.01868651198798678,0.027737028900315347
2021-04-07 14:35,15.94,15.94,15.9,15.9,11700.0,0.031004153516921207,0.021150040293773664,0.019708226446295087
2021-04-07 14:40,15.9,15.94,15.9,15.94,2600.0,0.03262664164397577,0.023445360563814088,0.01836256216032337
2021-04-07 14:45,15.9,15.9,15.89,15.89,2600.0,0.02953740423190787,0.024663769297432848,0.009747269868950047
2021-04-07 14:50,15.89,15.94,15.89,15.92,2700.0,0.02917361532807128,0.025565738503560538,0.007215753649021481
2021-04-07 14:55,15.9,15.93,15.9,15.93,48400.0,0.029353853476598246,0.026323361498168083,0.006060983956860326
2021-04-07 15:00,15.93,15.94,15.92,15.93,30400.0,0.02916054885249153,0.026890798969032775,0.004539499766917511
2021-04-08 09:35,16.09,16.63,16.06,16.25,143600.0,0.054203850940696796,0.03235340936336558,0.04370088315466243
2021-04-08 09:40,16.27,16.33,16.18,16.23,81000.0,0.07161152236660584,0.040205031964013635,0.06281298080518441
2021-04-08 09:45,16.23,16.28,16.1,16.1,71100.0,0.07406355528016206,0.046976736627243325,0.05417363730583748
2021-04-08 09:50,16.1,16.15,16.01,16.03,38800.0,0.06955658898417205,0.051492707098629076,0.03612776377108595
2021-04-08 09:55,16.03,16.09,16.03,16.09,25200.0,0.0700191471399183,0.05519799510688693,0.029642304066062747
2021-04-08 10:00,16.08,16.11,16.05,16.1,27600.0,0.07038133205236718,0.05823466249598298,0.024293339112768403
2021-04-08 10:05,16.1,16.14,16.1,16.11,29600.0,0.07066074949599788,0.06071987989598597,0.019881739200023812
2021-04-08 10:10,16.11,16.12,16.11,16.12,5800.0,0.07087213638777712,0.0627503311943442,0.016243610386865837
2021-04-08 10:15,16.12,16.15,16.12,16.15,3500.0,0.07262325561765692,0.06472491607900674,0.01579667907730037
2021-04-08 10:20,16.15,16.16,16.12,16.12,6800.0,0.0707744372864525,0.0659348203204959,0.009679233931913195
2021-04-08 10:25,16.12,16.14,16.11,16.14,5800.0,0.07011482819748593,0.06677082189589391,0.0066880126031840514
2021-04-08 10:30,16.14,16.14,16.12,16.12,2400.0,0.0672035694731079,0.06685737141133671,0.0006923961235423826
2021-04-08 10:35,16.12,16.16,16.12,16.15,4300.0,0.06654997851272171,0.06679589283161372,-0.0004918286377840198
2021-04-08 10:40,16.15,16.15,16.1,16.14,4600.0,0.06448178071170219,0.06633307040763142,-0.0037025793918584737
2021-04-08 10:45,16.14,16.15,16.11,16.13,600.0,0.06132884191362109,0.06533222470882936,-0.008006765590416548
2021-04-08 10:50,16.13,16.13,16.06,16.07,9100.0,0.05337336175086804,0.0629404521172371,-0.01913418073273812
2021-04-08 10:55,16.07,16.1,16.06,16.07,6000.0,0.04653219225867389,0.059658800145524465,-0.026253215773701155
2021-04-08 11:00,16.06,16.09,16.06,16.09,8400.0,0.042237461833064316,0.05617453248303244,-0.027874141299936248
2021-04-08 11:05,16.09,16.1,16.0,16.04,68241.0,0.03440270196304951,0.05182016637903585,-0.034834928831972686
2021-04-08 11:10,16.04,16.04,15.95,15.95,15500.0,0.020692816572434936,0.04559469641771567,-0.04980375969056147
2021-04-08 11:15,15.95,16.01,15.95,16.0,4900.0,0.013704241789788796,0.039216605492130296,-0.051024727404683
2021-04-08 11:20,16.0,16.01,15.98,16.0,6600.0,0.008072688990964139,0.03298782219189707,-0.04983026640186586
2021-04-08 11:25,16.0,16.01,15.93,15.93,17600.0,-0.00201553829006329,0.025987150095504997,-0.056005376771136574
2021-04-08 11:30,15.93,15.93,15.86,15.86,10400.0,-0.015480496549670875,0.017693620766469825,-0.0663482346322814
2021-04-08 13:05,15.87,15.94,15.86,15.93,16400.0,-0.020269503772444963,0.010100995858686868,-0.06074099926226366
2021-04-08 13:10,15.93,15.93,15.9,15.9,3200.0,-0.02618374585555827,0.00284404751583784,-0.05805558674279222
2021-04-08 13:15,15.9,15.94,15.89,15.94,2700.0,-0.02732813784824728,-0.0031903895569791846,-0.048275496582536194
2021-04-08 13:20,15.93,15.94,15.9,15.9,17900.0,-0.03110419268185538,-0.008773150181954424,-0.04466208499980191
2021-04-08 13:25,15.9,15.93,15.9,15.9,8200.0,-0.03370817646679569,-0.013760155438922679,-0.039896042055746025
2021-04-08 13:30,15.9,15.91,15.9,15.9,4800.0,-0.03536419593970663,-0.01808096353907947,-0.034566464801254325
2021-04-08 13:35,15.9,15.95,15.9,15.95,11400.0,-0.032270032325154574,-0.020918777296294492,-0.022702510057720164
2021-04-08 13:40,15.95,15.95,15.93,15.93,3900.0,-0.031073522002355247,-0.022949726237506643,-0.01624759152969721
2021-04-08 13:45,15.93,15.93,15.9,15.92,13000.0,-0.030579691726630998,-0.024475719335331516,-0.012207944782598963
2021-04-08 13:50,15.92,15.92,15.9,15.92,3500.0,-0.029844301149049457,-0.025549435698075107,-0.0085897309019487
2021-04-08 13:55,15.92,15.92,15.88,15.88,32700.0,-0.03211891763500141,-0.026863332085460368,-0.010511171099082083
2021-04-08 14:00,15.88,15.88,15.82,15.82,4000.0,-0.03832132180336778,-0.029154930029041855,-0.01833278354865185
2021-04-08 14:05,15.81,15.84,15.78,15.82,15900.0,-0.0427440450486305,-0.03187275303295958,-0.021742584031341827
2021-04-08 14:10,15.82,15.86,15.8,15.86,16000.0,-0.04253114679294079,-0.034004431784955824,-0.017053430015969928
2021-04-08 14:15,15.85,15.85,15.81,15.81,2300.0,-0.0458682647203279,-0.03637719837203024,-0.018982132696595322
2021-04-08 14:20,15.81,15.84,15.8,15.84,4400.0,-0.04556693814241264,-0.03821514632610672,-0.01470358363261183
2021-04-08 14:25,15.82,15.83,15.79,15.79,15300.0,-0.04880017870794795,-0.04033215280247497,-0.016936051810945957
2021-04-08 14:30,15.79,15.79,15.75,15.75,16900.0,-0.05396810019139586,-0.04305934228025916,-0.02181751582227341
2021-04-08 14:35,15.75,15.78,15.73,15.75,13100.0,-0.0574020204397776,-0.04592787791216285,-0.0229482850552295
2021-04-08 14:40,15.74,15.76,15.74,15.75,6800.0,-0.05943825971768746,-0.04862995427326777,-0.02161661088883937
2021-04-08 14:45,15.75,15.76,15.74,15.74,22100.0,-0.06115396559391151,-0.05113475653739652,-0.020038418113029977
2021-04-08 14:50,15.74,15.74,15.69,15.69,26100.0,-0.06578987229928579,-0.05406577968977437,-0.023448185219022838
2021-04-08 14:55,15.69,15.72,15.69,15.7,36700.0,-0.06787453000521282,-0.056827529752862066,-0.022094000504701505
2021-04-08 15:00,15.7,15.7,15.64,15.65,16800.0,-0.07272291390580854,-0.06000660658345136,-0.025432614644714358
2021-04-09 09:35,15.68,15.79,15.51,15.7,91300.0,-0.07170415013669285,-0.06234611529409966,-0.018716069685186368
2021-04-09 09:40,15.7,15.75,15.53,15.7,75700.0,-0.07008883208241024,-0.06389465865176178,-0.012388346861296917
2021-04-09 09:45,15.7,15.94,15.7,15.92,62800.0,-0.050474678825265684,-0.06121066268646256,0.02147196772239375
2021-04-09 09:50,15.95,16.1,15.86,16.0,149400.0,-0.028150488338042123,-0.054598627816778475,0.0528962789574727
2021-04-09 09:55,16.0,17.53,16.0,17.43,486300.0,0.10373485165437835,-0.02293193192254711,0.2533335671538509
2021-04-09 10:00,17.42,18.23,16.91,17.81,953286.0,0.23619504849568074,0.02889346416109846,0.4146031686691646
2021-04-09 10:05,17.8,18.78,17.7,18.78,1159100.0,0.4146616409098556,0.1060470995108499,0.6172290827980114
2021-04-09 10:10,18.78,18.78,18.78,18.78,110200.0,0.5497604054405087,0.19478976069678167,0.7099412894874542
2021-04-09 10:15,18.78,18.78,18.78,18.78,86600.0,0.6493419399822962,0.28570019655388457,0.7272834868568232
2021-04-09 10:20,18.78,18.78,18.78,18.78,85200.0,0.7199617526291959,0.3725525077689469,0.6948184897204981
2021-04-09 10:25,18.78,18.78,18.78,18.78,56700.0,0.7670859733339839,0.45145920088195435,0.631253544904059
2021-04-09 10:30,18.78,18.78,18.78,18.78,29200.0,0.795264938577521,0.5202203484210677,0.5500891803129067
2021-04-09 10:35,18.78,18.78,18.78,18.78,16700.0,0.8082796271463621,0.5778322041661266,0.46089484596047114
2021-04-09 10:40,18.78,18.78,18.78,18.78,53341.0,0.8092651566274007,0.6241187946583814,0.3702927239380387
2021-04-09 10:45,18.78,18.78,18.78,18.78,13200.0,0.8008149001623757,0.6594580157591803,0.28271376880639076
2021-04-09 10:50,18.78,18.78,18.78,18.78,31000.0,0.7850682331295253,0.6845800592332494,0.2009763477925519
2021-04-09 10:55,18.78,18.78,18.78,18.78,19000.0,0.7637844543074372,0.700420938248087,0.1267270321187004
2021-04-09 11:00,18.78,18.78,18.78,18.78,8800.0,0.7384050326740947,0.7080177571332886,0.06077455108161223
2021-04-09 11:05,18.78,18.78,18.78,18.78,4700.0,0.7101059982585234,0.7084354053583356,0.003341185800375568
2021-04-09 11:10,18.78,18.78,18.78,18.78,6300.0,0.6798420140496404,0.7027167270965966,-0.045749426093912415
2021-04-09 11:15,18.78,18.78,18.78,18.78,3100.0,0.6483834279708915,0.6918500672714556,-0.0869332786011281
2021-04-09 11:20,18.78,18.78,18.78,18.78,12600.0,0.6163474026616633,0.6767495343494971,-0.12080426337566763
2021-04-09 11:25,18.78,18.78,18.78,18.78,6000.0,0.5842240506084302,0.6582444376012837,-0.14804077398570703
2021-04-09 11:30,18.78,18.78,18.78,18.78,1000.0,0.5523983582520984,0.6370752217314467,-0.16935372695869666
2021-04-09 13:05,18.78,18.78,18.78,18.78,40000.0,0.5211685610127823,0.6138938895877138,-0.18545065714986309
2021-04-09 13:10,18.78,18.78,18.78,18.78,10400.0,0.49076152829237785,0.5892674173286466,-0.19701177807253756
2021-04-09 13:15,18.78,18.78,18.78,18.78,29200.0,0.4613456305394372,0.5636830599708047,-0.20467485886273495
2021-04-09 13:20,18.78,18.78,18.78,18.78,6100.0,0.4330414869376824,0.5375547453641802,-0.20902651685299567
2021-04-09 13:25,18.78,18.78,18.78,18.78,800.0,0.40593093013360004,0.5112299823180642,-0.21059810436892823
2021-04-09 13:30,18.78,18.78,18.78,18.78,900.0,0.3800644718952597,0.4849968802335033,-0.20986481667648715
2021-04-09 13:35,18.78,18.78,18.78,18.78,4000.0,0.35546750920829595,0.45909100602846187,-0.20724699364033183
2021-04-09 13:40,18.78,18.78,18.78,18.78,21100.0,0.3321454728101507,0.4337018993847997,-0.20311285314929794
2021-04-09 13:45,18.78,18.78,18.78,18.78,1800.0,0.3100880884775883,0.40897913720335743,-0.1977820974515383
2021-04-09 13:50,18.78,18.78,18.78,18.78,5800.0,0.2892728946161469,0.3850378886859153,-0.1915299881395368
2021-04-09 13:55,18.78,18.78,18.78,18.78,4700.0,0.2696681370937526,0.3619639383674828,-0.18459160254746043
2021-04-09 14:00,18.78,18.78,18.78,18.78,900.0,0.2512351431705788,0.33981817932810204,-0.17716607231504644
2021-04-09 14:05,18.78,18.78,18.78,18.78,9700.0,0.23393026026016628,0.31864059551451496,-0.16942067050869736
2021-04-09 14:10,18.78,18.78,18.78,18.78,300.0,0.21770643165217862,0.2984537627420477,-0.16149466217973818
2021-04-09 14:15,18.78,18.78,18.78,18.78,9700.0,0.20251446984646293,0.2792659041629308,-0.15350286863293572
2021-04-09 14:20,18.78,18.78,18.78,18.78,100800.0,0.18830407846196806,0.2610735390227383,-0.14553892112154043
2021-04-09 14:25,18.78,18.78,18.78,18.78,2400.0,0.17502466551443874,0.24386376432107837,-0.13767819761327926
2021-04-09 14:30,18.78,18.78,18.78,18.78,7400.0,0.1626259839684856,0.2276162082505598,-0.12998044856414842
2021-04-09 14:35,18.78,18.78,18.78,18.78,2300.0,0.15105862966361272,0.2123046925331704,-0.12249212573911539
2021-04-09 14:40,18.78,18.78,18.78,18.78,3000.0,0.1402744218217471,0.19789863839088576,-0.11524843313827732
2021-04-09 14:45,18.78,18.78,18.78,18.78,1100.0,0.13022668722402742,0.18436424815751412,-0.10827512186697341
2021-04-09 14:50,18.78,18.78,18.78,18.78,2200.0,0.12087046567625137,0.1716654916612616,-0.10159005197002047
2021-04-09 14:55,18.78,18.78,18.78,18.78,78600.0,0.11216265146444826,0.15976492362189895,-0.09520454431490138
2021-04-09 15:00,18.78,18.78,18.78,18.78,29000.0,0.10406208304819486,0.14862435550715813,-0.08912454491792654
2021-04-12 09:35,19.39,20.28,19.39,19.54,2746927.0,0.15715637180414177,0.15033075876655486,0.013651226075173828
2021-04-12 09:40,19.54,20.66,19.53,20.45,1463100.0,0.2695560980738527,0.17417582662801445,0.19076054289167654
2021-04-12 09:45,20.45,20.45,19.48,20.14,765098.0,0.3298173525806227,0.20530413181853613,0.2490264415241732
2021-04-12 09:50,20.15,20.55,20.06,20.5,382100.0,0.4019899325778802,0.24464129197040496,0.31469728121495044
2021-04-12 09:55,20.55,20.55,20.13,20.24,331700.0,0.43321357864322607,0.2823557493049692,0.30171565867651373
2021-04-12 10:00,20.27,20.29,19.8,19.9,361402.0,0.4256171352056093,0.31100802648509723,0.2292182174410241
2021-04-12 10:05,19.9,20.12,19.8,19.87,254500.0,0.4124220056153902,0.33129082231115586,0.1622623666084687
2021-04-12 10:10,19.87,20.0,19.87,19.92,96000.0,0.4013725792342733,0.34530717369577935,0.11213081107698786
2021-04-12 10:15,19.92,20.0,19.9,19.98,145400.0,0.3929278995426948,0.35483131886516245,0.07619316135506471
2021-04-12 10:20,19.98,20.02,19.87,19.92,142100.0,0.3770475618978111,0.3592745674716922,0.03554598885223781
2021-04-12 10:25,19.92,19.97,19.84,19.84,83800.0,0.353927097225629,0.35820507342247954,-0.008555952393701105
2021-04-12 10:30,19.84,19.85,19.62,19.62,235700.0,0.3142295582690693,0.3494099703917975,-0.07036082424545642
2021-04-12 10:35,19.62,19.65,19.55,19.65,103100.0,0.28193969659918494,0.335915915633275,-0.10795243806818011
2021-04-12 10:40,19.65,19.65,19.45,19.45,105500.0,0.23747396797919862,0.31622752610245974,-0.15750711624652225
2021-04-12 10:45,19.45,19.49,19.04,19.49,173900.0,0.2031207735563676,0.2936061755932413,-0.18097080407374744
2021-04-12 10:50,19.49,19.84,19.49,19.62,142900.0,0.18426148136120446,0.271737236746834,-0.17495151077125903
2021-04-12 10:55,19.62,19.68,19.34,19.38,86298.0,0.14824053754606226,0.24703789690667965,-0.1975947187212348
2021-04-12 11:00,19.38,19.56,19.38,19.53,64600.0,0.13029546147954107,0.22368940982125196,-0.18678789668342177
2021-04-12 11:05,19.53,19.66,19.41,19.41,63800.0,0.1051784308122734,0.19998721401945627,-0.18961756641436572
2021-04-12 11:10,19.41,19.58,19.41,19.54,23100.0,0.09467160130586905,0.17892409147673882,-0.16850498034173955
2021-04-12 11:15,19.54,19.63,19.51,19.6,54000.0,0.09014720096545403,0.16116871337448185,-0.14204302481805564
2021-04-12 11:20,19.59,19.59,19.52,19.54,17800.0,0.08078879954814511,0.14509273060921452,-0.12860786212213882
2021-04-12 11:25,19.54,19.58,19.45,19.45,54500.0,0.06535656140583512,0.12914549676853865,-0.12757787072540705
2021-04-12 11:30,19.45,19.46,19.4,19.46,22500.0,0.05331869321563332,0.11398013605795759,-0.12132288568464855
2021-04-12 13:05,19.5,19.57,19.43,19.45,66900.0,0.04248197377071605,0.09968050360050928,-0.11439705965958646
2021-04-12 13:10,19.45,19.46,19.37,19.38,38900.0,0.027923495872038018,0.08532910205481503,-0.11481121236555403
2021-04-12 13:15,19.38,19.38,19.29,19.29,45900.0,0.0090195773374937,0.07006719711135076,-0.12209523954771412
2021-04-12 13:20,19.28,19.28,19.18,19.2,70800.0,-0.013073459432732193,0.05343906580253417,-0.13302505047053273
2021-04-12 13:25,19.18,19.21,19.17,19.21,39100.0,-0.02943611263524204,0.03686403011497893,-0.13260028550044195
2021-04-12 13:30,19.21,19.3,19.21,19.29,20100.0,-0.035538634516012024,0.022383497188780736,-0.11584426340958552
2021-04-12 13:35,19.29,19.29,19.25,19.25,21800.0,-0.0431056971346635,0.009285658324091887,-0.10478271091751078
2021-04-12 13:40,19.27,19.27,19.21,19.23,41600.0,-0.05013851602808472,-0.0025991765463434357,-0.09507867896348257
2021-04-12 13:45,19.23,19.25,19.22,19.22,14900.0,-0.05587490101833836,-0.013254321440742423,-0.08524115915519188
2021-04-12 13:50,19.23,19.28,19.22,19.26,34900.0,-0.05654158554325761,-0.021911774261245465,-0.06925962256402429
2021-04-12 13:55,19.26,19.4,19.26,19.33,54300.0,-0.0508355225865067,-0.027696523926297713,-0.04627799732041797
2021-04-12 14:00,19.34,19.35,19.3,19.3,34200.0,-0.0481788006393451,-0.031792979268907194,-0.03277164274087581
2021-04-12 14:05,19.3,19.3,19.26,19.27,25700.0,-0.0479414395623472,-0.0350226713275952,-0.025837536469504
2021-04-12 14:10,19.27,19.27,19.2,19.22,26500.0,-0.05119773570359243,-0.03825768420279465,-0.02588010300159556
2021-04-12 14:15,19.22,19.23,19.21,19.22,31000.0,-0.053165514894555344,-0.04123925034114679,-0.023852529106817108
2021-04-12 14:20,19.22,19.26,19.22,19.26,20100.0,-0.05091046423340373,-0.043173493119598186,-0.015473942227611087
2021-04-12 14:25,19.26,19.28,19.23,19.28,39200.0,-0.04696806882385829,-0.04393240826045021,-0.006071321126816159
2021-04-12 14:30,19.28,19.28,19.25,19.25,38600.0,-0.0457372112371921,-0.04429336885579859,-0.0028876847627870156
2021-04-12 14:35,19.25,19.26,19.2,19.21,58700.0,-0.04744252553552997,-0.044923200191744866,-0.005038650687570201
2021-04-12 14:40,19.21,19.22,19.13,19.16,65100.0,-0.052226546418442155,-0.04638386943708433,-0.011685353962715653
2021-04-12 14:45,19.16,19.17,19.07,19.07,64200.0,-0.06255902378917,-0.04961890030750146,-0.025880246963337072
2021-04-12 14:50,19.07,19.14,19.06,19.14,115600.0,-0.06435730066037948,-0.05256658037807707,-0.023581440564604816
2021-04-12 14:55,19.14,19.14,19.09,19.09,167500.0,-0.06902139449781686,-0.05585754320202503,-0.02632770259158365
2021-04-12 15:00,19.1,19.11,18.9,19.01,267710.0,-0.07827079685480953,-0.060340193932581936,-0.03586120584445519
2021-04-13 09:35,18.75,18.88,18.03,18.1,1327500.0,-0.15721809731279635,-0.07971577460862482,-0.15500464540834305
2021-04-13 09:40,18.09,18.15,17.82,17.88,790000.0,-0.23482959371364132,-0.11073853842962812,-0.2481821105680264
2021-04-13 09:45,17.84,17.99,17.71,17.95,422827.0,-0.2873761553528915,-0.1460660618142808,-0.2826201870772214
2021-04-13 09:50,18.0,18.08,17.97,18.04,189500.0,-0.31809068478133184,-0.18047098640769105,-0.2752393967472816
2021-04-13 09:55,18.07,18.1,17.96,17.96,118600.0,-0.34491157610240464,-0.21335910434663377,-0.26310494351154173
2021-04-13 10:00,17.96,18.01,17.85,18.0,132000.0,-0.35880359550093743,-0.2424480025774945,-0.23271118584688588
2021-04-13 10:05,17.99,17.99,17.86,17.91,123300.0,-0.37277821359949215,-0.26851404478189406,-0.20852833763519618
2021-04-13 10:10,17.91,17.96,17.89,17.89,81500.0,-0.3810742452881044,-0.29102608488313614,-0.18009632080993654
2021-04-13 10:15,17.81,17.88,17.76,17.77,142700.0,-0.3928039083457051,-0.31138164957564995,-0.1628445175401103
2021-04-13 10:20,17.8,17.97,17.8,17.97,75400.0,-0.38156300152934364,-0.3254179199663887,-0.11229016312590989
2021-04-13 10:25,17.97,18.0,17.94,17.95,45300.0,-0.37000316853613313,-0.3343349696803376,-0.07133639771159106
2021-04-13 10:30,17.97,17.97,17.89,17.89,60100.0,-0.3615160837860536,-0.33977119250148086,-0.043489782569145485
2021-04-13 10:35,17.89,17.89,17.8,17.87,47300.0,-0.35234225859683477,-0.34228540572055166,-0.020113705752566213
2021-04-13 10:40,17.88,17.9,17.88,17.88,30300.0,-0.34034177152725675,-0.3418966788818927,0.003109814709271852
2021-04-13 10:45,17.87,17.88,17.86,17.86,57600.0,-0.3286565834069002,-0.3392486597868942,0.021184152759988084
2021-04-13 10:50,17.86,17.86,17.8,17.81,54300.0,-0.3197447513079723,-0.3353478780911099,0.031206253566275155
2021-04-13 10:55,17.81,17.92,17.81,17.91,32300.0,-0.30114152386513027,-0.32850660724591396,0.05473016676156739
2021-04-13 11:00,17.91,18.05,17.86,18.04,30100.0,-0.2727641630610229,-0.3173581184089358,0.08918791069582577
2021-04-13 11:05,18.05,18.07,18.01,18.02,26200.0,-0.24901820615682269,-0.3036901359585132,0.109343859603381
2021-04-13 11:10,18.02,18.02,17.9,17.9,25500.0,-0.23714865922439543,-0.29038184061168965,0.10646636277458843
2021-04-13 11:15,17.9,17.9,17.85,17.89,20500.0,-0.22594432861665936,-0.2774943382126836,0.10310001919204848
2021-04-13 11:20,17.89,17.9,17.82,17.83,48500.0,-0.21937746755799026,-0.26587096408174493,0.09298699304750935
2021-04-13 11:25,17.83,17.9,17.83,17.86,23100.0,-0.2093393004315871,-0.25456463135171337,0.09045066184025252
2021-04-13 11:30,17.87,17.91,17.86,17.91,8600.0,-0.19510040253561556,-0.2426717855884938,0.0951427661057565
2021-04-13 13:05,17.9,17.9,17.84,17.85,61700.0,-0.18650752922640024,-0.23143893431607512,0.08986281017934977
2021-04-13 13:10,17.85,17.88,17.83,17.87,38400.0,-0.17605433755420563,-0.22036201496370122,0.08861535481899119
2021-04-13 13:15,17.86,17.86,17.8,17.8,39700.0,-0.17144224336597347,-0.21057806064415568,0.07827163455636443
2021-04-13 13:20,17.8,17.81,17.75,17.79,54500.0,-0.16667274229694584,-0.2017969969747137,0.07024850935553573
2021-04-13 13:25,17.79,17.8,17.77,17.77,37600.0,-0.16263199083492452,-0.19396399574675588,0.06266400982366271
2021-04-13 13:30,17.74,17.78,17.72,17.72,40100.0,-0.1616014078850796,-0.18749147817442063,0.05178014057868208
2021-04-13 13:35,17.71,17.78,17.68,17.78,93900.0,-0.1541660348288154,-0.18082638950529958,0.05332070935296834
2021-04-13 13:40,17.78,17.98,17.78,17.98,39700.0,-0.13062930625392255,-0.17078697285502417,0.08031533320220324
2021-04-13 13:45,17.98,17.98,17.9,17.9,29000.0,-0.11708196271229454,-0.16004597082647826,0.08592801622836743
2021-04-13 13:50,17.9,17.91,17.88,17.88,14300.0,-0.10672912133111012,-0.14938260092740463,0.08530695919258902
2021-04-13 13:55,17.88,17.88,17.82,17.82,15400.0,-0.10218795932213354,-0.1399436726063504,0.07551142656843374
2021-04-13 14:00,17.81,17.82,17.71,17.71,40100.0,-0.10624046248521779,-0.1332030305821239,0.05392513619381223
2021-04-13 14:05,17.71,17.71,17.68,17.68,45200.0,-0.11059794544791401,-0.12868201355528194,0.03616813621473586
2021-04-13 14:10,17.69,17.74,17.68,17.74,26600.0,-0.10796522759307337,-0.12453865636284023,0.033146857539533725
2021-04-13 14:15,17.74,17.74,17.72,17.74,24400.0,-0.10467218394505906,-0.120565361879284,0.031786355868449884
2021-04-13 14:20,17.75,17.75,17.7,17.7,23900.0,-0.10409020178270723,-0.11727032985996866,0.026360256154522865
2021-04-13 14:25,17.7,17.73,17.67,17.71,95000.0,-0.10165029892864297,-0.11414632367370352,0.0249920494901211
2021-04-13 14:30,17.71,17.73,17.68,17.69,47900.0,-0.1001757277588915,-0.11135220449074112,0.022352953463699254
2021-04-13 14:35,17.68,17.71,17.67,17.68,45600.0,-0.09867655401895803,-0.10881707439638451,0.020281040754852958
2021-04-13 14:40,17.68,17.7,17.68,17.7,27700.0,-0.0947820269689359,-0.10601006491089479,0.022456075883917792
2021-04-13 14:45,17.69,17.71,17.66,17.67,66900.0,-0.09304378467083652,-0.10341680886288314,0.020746048384093246
2021-04-13 14:50,17.68,17.7,17.67,17.69,67600.0,-0.08902614429858602,-0.10053867595002372,0.023025063302875404
2021-04-13 14:55,17.69,17.7,17.65,17.66,113100.0,-0.08725703979840915,-0.09788234871970082,0.021250617842583336
2021-04-13 15:00,17.67,17.69,17.65,17.65,138900.0,-0.08567432784187545,-0.09544074454413576,0.01953283340452061
2021-04-14 09:35,17.63,17.64,17.07,17.24,417100.0,-0.11616451844183473,-0.09958549932367555,-0.033158038236318355
2021-04-14 09:40,17.24,17.34,17.1,17.25,172500.0,-0.13793131143676973,-0.10725466174629439,-0.06135329938095069
2021-04-14 09:45,17.22,17.4,17.18,17.26,151200.0,-0.15261547903750738,-0.116326825204537,-0.07257730766594078
2021-04-14 09:50,17.26,17.4,17.25,17.38,119800.0,-0.15280831144221807,-0.12362312245207321,-0.05837037798028971
2021-04-14 09:55,17.38,17.62,17.36,17.61,77400.0,-0.13287040735540145,-0.12547257943273887,-0.014795655845325162
2021-04-14 10:00,17.62,18.86,17.62,18.81,742700.0,-0.020008853927208747,-0.10437983433163286,0.16874196080884823
2021-04-14 10:05,18.83,18.83,18.1,18.24,592800.0,0.02317337572653244,-0.07886919231999981,0.2040851360930645
2021-04-14 10:10,18.24,18.24,17.94,17.96,187500.0,0.03440534054668376,-0.056214285746663095,0.1812392525866937
2021-04-14 10:15,17.96,18.18,17.96,18.09,110600.0,0.05318359970154063,-0.03433470865702235,0.17503661671712595
2021-04-14 10:20,18.09,18.14,18.0,18.0,102700.0,0.060110342917436554,-0.015445698342130571,0.15111208251913424
2021-04-14 10:25,18.01,18.08,17.98,18.08,77200.0,0.07123402671430767,0.0018902466691570786,0.1386875600903012
2021-04-14 10:30,18.09,18.32,18.09,18.18,108900.0,0.08711458778918413,0.018935114893162488,0.13635894579204327
2021-04-14 10:35,18.18,18.18,18.06,18.08,22600.0,0.09058665600694482,0.03326542311591896,0.11464246578205173
2021-04-14 10:40,18.08,18.14,18.08,18.14,37027.0,0.0970609355962786,0.046024525611990885,0.10207281996857542
2021-04-14 10:45,18.14,18.16,18.1,18.1,26073.0,0.09783638615092727,0.056386897719778166,0.0828989768622982
2021-04-14 10:50,18.1,18.1,17.99,17.99,50000.0,0.0885540595353298,0.0628203300828885,0.05146745890488261
2021-04-14 10:55,18.01,18.01,17.95,17.98,30800.0,0.07947469754834557,0.06615120357597992,0.026646987944731304
2021-04-14 11:00,18.01,18.02,17.95,17.95,26700.0,0.06906238035001877,0.06673343893078769,0.004657882838462163
2021-04-14 11:05,17.96,17.96,17.83,17.86,34000.0,0.05293805912227256,0.06397436296908467,-0.022072607693624208
2021-04-14 11:10,17.86,17.95,17.86,17.95,12200.0,0.046881248369789574,0.06055574004922565,-0.027348983358872148
2021-04-14 11:15,17.95,17.97,17.9,17.97,23500.0,0.043197066174887055,0.05708400527435793,-0.027773878198941754
2021-04-14 11:20,17.97,17.97,17.86,17.87,18900.0,0.03184111640765508,0.05203542750101736,-0.040388622186724565
2021-04-14 11:25,17.87,17.95,17.87,17.89,10900.0,0.024176584636659726,0.046463658928145836,-0.04457414858297222
2021-04-14 11:30,17.89,17.94,17.88,17.92,16500.0,0.02028925536153281,0.041228778214823236,-0.04187904570658085
2021-04-14 13:05,17.93,17.96,17.92,17.94,32347.0,0.01860785202219617,0.03670459297629782,-0.036193481908203304
2021-04-14 13:10,17.94,17.98,17.94,17.97,5000.0,0.019471620323038508,0.03325799844564596,-0.027572756245214908
2021-04-14 13:15,17.97,18.0,17.93,17.93,8100.0,0.016735579871294703,0.02995351473077571,-0.026435869718962016
2021-04-14 13:20,17.93,17.93,17.92,17.92,28600.0,0.013603518778090518,0.026683515540238675,-0.026159993524296314
2021-04-14 13:25,17.92,17.93,17.86,17.88,29753.0,0.007803715713293968,0.022907555574849737,-0.030207679723111537
2021-04-14 13:30,17.89,17.89,17.84,17.85,10100.0,0.0007776168367357172,0.018481567827226934,-0.03540790198098243
2021-04-14 13:35,17.84,17.84,17.75,17.8,25700.0,-0.008724627204291124,0.013040328820923323,-0.043529912050428894
2021-04-14 13:40,17.8,17.82,17.71,17.73,36700.0,-0.021654024932111327,0.006101458070316394,-0.055510966004855444
2021-04-14 13:45,17.74,17.75,17.65,17.74,46800.0,-0.03073940463417202,-0.0012667144705812887,-0.05894538032718146
2021-04-14 13:50,17.74,17.78,17.72,17.78,17100.0,-0.034316389818016546,-0.00787664954006834,-0.05287948055589641
2021-04-14 13:55,17.78,17.78,17.74,17.74,21700.0,-0.03991868430885859,-0.01428505649382639,-0.051267255630064394
2021-04-14 14:00,17.74,17.75,17.72,17.73,24400.0,-0.04465075339075497,-0.02035819587321211,-0.048585115035085724
2021-04-14 14:05,17.73,17.82,17.73,17.82,24800.0,-0.040669887248188985,-0.02442053414820749,-0.03249870619996299
2021-04-14 14:10,17.82,17.82,17.68,17.71,44100.0,-0.045862429304598606,-0.028708913179485714,-0.034307032250225786
2021-04-14 14:15,17.71,17.72,17.7,17.72,10800.0,-0.04861029069575551,-0.03268918868273968,-0.03184220402603166
2021-04-14 14:20,17.72,17.73,17.69,17.72,19000.0,-0.05020921012534174,-0.03619319297126009,-0.028032034308163298
2021-04-14 14:25,17.72,17.72,17.66,17.66,34900.0,-0.055676064833704686,-0.040089767343749014,-0.031172594979911344
2021-04-14 14:30,17.67,17.72,17.66,17.68,16800.0,-0.0577292864447152,-0.04361767116394225,-0.028223230561545895
2021-04-14 14:35,17.68,17.69,17.65,17.66,43900.0,-0.060275493844283545,-0.046949235700010514,-0.026652516288546063
2021-04-14 14:40,17.67,17.67,17.65,17.65,44100.0,-0.06238120626452215,-0.050035629812912846,-0.024691152903218605
2021-04-14 14:45,17.66,17.73,17.66,17.71,61500.0,-0.05853375922893278,-0.05173525569611684,-0.013597007065631883
2021-04-14 14:50,17.71,17.72,17.67,17.68,61900.0,-0.05724548865428147,-0.05283730228774977,-0.008816372733063405
2021-04-14 14:55,17.68,17.81,17.65,17.79,67700.0,-0.046808860840474864,-0.051631613998294794,0.00964550631563986
2021-04-14 15:00,17.8,17.85,17.71,17.71,173700.0,-0.04448034775739984,-0.0502013607501158,0.011442025985431925
2021-04-15 09:35,17.57,17.79,17.28,17.36,473000.0,-0.07006934351559124,-0.0541749573032109,-0.03178877242476069
2021-04-15 09:40,17.33,17.67,17.19,17.37,309900.0,-0.08852147018066248,-0.06104425987870121,-0.05495442060392253
2021-04-15 09:45,17.36,17.47,17.26,17.31,100900.0,-0.10675579767973176,-0.07018656743890733,-0.07313846048164885
2021-04-15 09:50,17.29,17.39,17.26,17.34,121700.0,-0.11743219902310287,-0.07963569375574645,-0.07559301053471285
2021-04-15 09:55,17.34,17.35,17.26,17.3,74200.0,-0.12764952544286245,-0.08923846009316964,-0.07682213069938562
2021-04-15 10:00,17.3,17.3,17.19,17.2,128500.0,-0.14217706579517753,-0.09982618123357123,-0.08470176912321259
2021-04-15 10:05,17.2,17.25,17.15,17.24,147100.0,-0.14874790720174857,-0.1096105264272067,-0.07827476154908375
2021-04-15 10:10,17.22,17.24,17.13,17.22,88700.0,-0.15379631107069613,-0.1184476833559046,-0.07069725542958308
2021-04-15 10:15,17.22,17.25,17.14,17.19,119400.0,-0.158392111126755,-0.12643656891007468,-0.06391108443336063
2021-04-15 10:20,17.2,17.25,17.19,17.23,27400.0,-0.15699688768205533,-0.1325486326644708,-0.04889651003516904
2021-04-15 10:25,17.23,17.25,17.21,17.21,26400.0,-0.15571006717486924,-0.1371809195665505,-0.03705829521663745
2021-04-15 10:30,17.2,17.25,17.2,17.22,44000.0,-0.15212967997209503,-0.14017067164765942,-0.02391801664887122
2021-04-15 10:35,17.22,17.23,17.2,17.2,48100.0,-0.14918630333206195,-0.14197379798453993,-0.014425010695044038
2021-04-15 10:40,17.2,17.3,17.2,17.22,60600.0,-0.1435846686046034,-0.14229597210855263,-0.0025773929921015237
2021-04-15 10:45,17.22,17.6,17.22,17.57,113447.0,-0.10963940300782582,-0.13576465828840728,0.05225051056116292
2021-04-15 10:50,17.58,17.58,17.4,17.43,39053.0,-0.09296274873105759,-0.12720427637693735,0.06848305529175952
2021-04-15 10:55,17.45,17.47,17.37,17.37,39000.0,-0.08362391419819204,-0.1184882039411883,0.06972857948599251
2021-04-15 11:00,17.37,17.4,17.36,17.37,15200.0,-0.07535418441662145,-0.10986140003627494,0.06901443123930698
2021-04-15 11:05,17.37,17.41,17.37,17.4,9600.0,-0.0656231518593593,-0.10101375040089182,0.07078119708306504
2021-04-15 11:10,17.4,17.44,17.39,17.43,9900.0,-0.05485811892293668,-0.0917826241053008,0.07384901036472824
2021-04-15 11:15,17.43,17.44,17.38,17.4,21900.0,-0.04819197495368499,-0.08306449427497764,0.0697450386425853
2021-04-15 11:20,17.4,17.4,17.38,17.39,24000.0,-0.043217737086568064,-0.07509514283729574,0.06375481150145534
2021-04-15 11:25,17.39,17.4,17.38,17.38,7200.0,-0.03962575314980654,-0.0680012648997979,0.056751023499982706
2021-04-15 11:30,17.38,17.4,17.38,17.39,16900.0,-0.03556222438852785,-0.061513456797543886,0.05190246481803207
2021-04-15 13:05,17.4,17.45,17.4,17.45,22401.0,-0.027186955707882987,-0.05464815657961171,0.054922401743457444
2021-04-15 13:10,17.47,17.47,17.42,17.45,18800.0,-0.020315312659423768,-0.04778158779557412,0.054932550272300706
2021-04-15 13:15,17.45,17.48,17.44,17.48,29900.0,-0.012306870810522952,-0.04068664439856389,0.05675954717608188
2021-04-15 13:20,17.48,17.69,17.48,17.63,59800.0,0.006073610647280958,-0.03133459338939493,0.07481640807335177
2021-04-15 13:25,17.63,18.25,17.63,18.07,340700.0,0.05550477292166178,-0.013966720127183585,0.13894298609769073
2021-04-15 13:30,18.07,18.47,18.07,18.39,521300.0,0.1191274240150193,0.012652108701256994,0.21295063062752462
2021-04-15 13:35,18.39,19.09,18.39,18.99,530400.0,0.21547990080878776,0.05321766712276316,0.3245244673720492
2021-04-15 13:40,18.99,19.1,18.68,18.78,258300.0,0.2717619848972497,0.09692653067766047,0.3496709084391784
2021-04-15 13:45,18.78,18.78,18.47,18.55,138300.0,0.2944130537996408,0.13642383530205654,0.3159784369951685
2021-04-15 13:50,18.55,18.69,18.55,18.59,84500.0,0.3119953664291515,0.17153814152747554,0.2809144498033519
2021-04-15 13:55,18.59,18.61,18.48,18.48,45400.0,0.313440251065618,0.19991856343510406,0.2270433752610279
2021-04-15 14:00,18.48,18.53,18.47,18.51,33800.0,0.3133934769082529,0.22261354612973383,0.18155986155703818
2021-04-15 14:05,18.51,18.51,18.49,18.49,37790.0,0.3081899532589425,0.23972882755557556,0.13692225140673386
2021-04-15 14:10,18.49,18.49,18.41,18.44,39400.0,0.29661237828288733,0.25110553770103794,0.09101368116369879
2021-04-15 14:15,18.43,18.43,18.4,18.41,31800.0,0.2817682682214979,0.2572380838051299,0.04906036883273601
2021-04-15 14:20,18.41,18.66,18.41,18.65,79500.0,0.2860725322107598,0.2630049734862559,0.04613511744900778
2021-04-15 14:25,18.67,18.67,18.5,18.56,36400.0,0.2790052457953891,0.26620502794808254,0.025600435694613122
2021-04-15 14:30,18.55,18.55,18.47,18.48,26200.0,0.2639068846916608,0.2657453992967982,-0.003677029210274796
2021-04-15 14:35,18.48,18.49,18.41,18.43,51400.0,0.24508159454267897,0.26161263834597437,-0.033062087606590795
2021-04-15 14:40,18.43,18.48,18.42,18.45,21000.0,0.22913492454512863,0.2551170955858052,-0.05196434208135314
2021-04-15 14:45,18.45,18.45,18.25,18.26,106500.0,0.19887317540693417,0.24386831155003103,-0.08999027228619372
2021-04-15 14:50,18.26,18.36,18.2,18.35,80500.0,0.18007695399772672,0.2311100400395702,-0.10206617208368696
2021-04-15 14:55,18.35,18.47,18.3,18.47,83900.0,0.17287106025549903,0.21946224408275597,-0.09318236765451388
2021-04-15 15:00,18.47,18.55,18.47,18.53,173300.0,0.17004170122377005,0.2095781355109588,-0.07907286857437751
2021-04-16 09:35,18.53,18.53,17.83,18.23,335505.0,0.14195554584308567,0.1960536175773842,-0.10819614346859707
2021-04-16 09:40,18.23,18.23,18.05,18.09,280600.0,0.10716490506513665,0.1782758750749347,-0.1422219400195961
2021-04-16 09:45,18.08,18.39,18.08,18.29,193200.0,0.09464044399905092,0.16154878885975793,-0.13381668972141403
2021-04-16 09:50,18.29,18.29,18.18,18.25,117400.0,0.08055842528346702,0.14535071614449976,-0.1295845817220655
2021-04-16 09:55,18.25,18.3,18.11,18.11,90701.0,0.05743936873668787,0.12776844666293738,-0.14065815585249902
2021-04-16 10:00,18.1,18.35,18.08,18.3,157300.0,0.0538282632514715,0.11298040998064421,-0.11830429345834542
2021-04-16 10:05,18.3,18.43,18.21,18.23,73200.0,0.04480157646674243,0.09934464327786385,-0.10908613362224284
2021-04-16 10:10,18.23,18.36,18.2,18.25,55100.0,0.03881426828535339,0.08723856827936176,-0.09684859998801673
2021-04-16 10:15,18.25,18.37,18.25,18.32,39600.0,0.039265075057365095,0.07764386963496243,-0.07675758915519468
2021-04-16 10:20,18.32,18.39,18.27,18.27,63000.0,0.03518220201484468,0.06915153611093888,-0.06793866819218841
2021-04-16 10:25,18.27,18.29,18.23,18.26,30600.0,0.030784712286202165,0.06147817134599154,-0.06138691811957875
2021-04-16 10:30,18.25,18.26,18.2,18.2,73000.0,0.022202237857364082,0.05362298464826605,-0.06284149358180394
2021-04-16 10:35,18.2,18.74,18.18,18.61,241800.0,0.04793161273098434,0.05248471026480971,-0.009106195067650744
2021-04-16 10:40,18.61,18.67,18.49,18.67,113700.0,0.07233005044984964,0.0564537783018177,0.031752544296063875
2021-04-16 10:45,18.75,18.87,18.71,18.71,307500.0,0.09381224466890714,0.06392547157523559,0.059773546187343096
2021-04-16 10:50,18.71,18.8,18.69,18.7,142500.0,0.10877621740840482,0.07289562074186945,0.07176119333307074
2021-04-16 10:55,18.7,18.7,18.54,18.58,71700.0,0.10968786308854561,0.08025406921120468,0.05886758775468187
2021-04-16 11:00,18.58,18.58,18.5,18.52,44600.0,0.10436578647795969,0.08507641266455569,0.03857874762680799
2021-04-16 11:05,18.52,18.52,18.45,18.45,50700.0,0.09342266905965957,0.08674566394357647,0.013354010232166202
2021-04-16 11:10,18.45,18.51,18.45,18.49,23300.0,0.08697523895632742,0.08679157894612666,0.0003673200204015181
2021-04-16 11:15,18.49,18.49,18.44,18.44,23400.0,0.07694405880178934,0.08482207491725921,-0.015756032230939743
2021-04-16 11:20,18.44,18.44,18.3,18.37,75300.0,0.06262397111601814,0.080382454157011,-0.03551696608198571
2021-04-16 11:25,18.37,18.46,18.35,18.39,10900.0,0.05228630730390904,0.07476322478639061,-0.044953834964963135
2021-04-16 11:30,18.39,18.5,18.39,18.4,32200.0,0.04438886349323212,0.06868835252775891,-0.04859897806905358
2021-04-16 13:05,18.39,18.42,18.38,18.38,20000.0,0.03610010992654722,0.06217070400751658,-0.05214118816193872
2021-04-16 13:10,18.37,18.37,18.22,18.3,39700.0,0.022812908585962077,0.05429914492320568,-0.0629724726744872
2021-04-16 13:15,18.3,18.35,18.3,18.3,19000.0,0.01214273193922466,0.04586786232640948,-0.06745026077436964
2021-04-16 13:20,18.3,18.8,18.3,18.74,84600.0,0.03874424331925752,0.04444313852497909,-0.011397790411443134
2021-04-16 13:25,18.8,19.05,18.77,18.98,412100.0,0.07828965259627196,0.05121244133923766,0.0541544225140686
2021-04-16 13:30,18.98,19.19,18.95,19.05,316347.0,0.1139643789233169,0.06376282885605351,0.10040310013452677
2021-04-16 13:35,19.05,19.05,18.8,18.82,146653.0,0.12226834537415598,0.07546393215967401,0.09360882642896395
2021-04-16 13:40,18.81,19.01,18.81,18.88,113500.0,0.13216725532425144,0.0868045967925895,0.09072531706332387
2021-04-16 13:45,18.88,19.05,18.85,19.02,58647.0,0.14958472317319504,0.09936062206871062,0.10044820220896886
2021-04-16 13:50,18.98,18.99,18.88,18.9,26600.0,0.15195356865971021,0.10987921138691055,0.08414871454559933
2021-04-16 13:55,18.9,18.97,18.88,18.96,39800.0,0.15686416191940467,0.1192762014934094,0.07517592085199054
2021-04-16 14:00,18.96,18.98,18.89,18.96,118900.0,0.15892386704401673,0.12720573460353088,0.0634362648809717
2021-04-16 14:05,18.96,19.03,18.95,19.0,78300.0,0.1619173811212029,0.1341480639070653,0.055538634428275224
2021-04-16 14:10,19.01,19.03,18.98,19.02,94000.0,0.16401295618314293,0.14012104236228085,0.047783827641724175
2021-04-16 14:15,19.02,19.03,18.97,19.0,72800.0,0.16219025338342874,0.14453488456651042,0.03531073763383663
2021-04-16 14:20,19.0,19.27,19.0,19.27,174700.0,0.18045234944196054,0.15171837754160045,0.05746794380072018
2021-04-16 14:25,19.28,19.48,19.28,19.3,300200.0,0.19509698482181292,0.16039409899764295,0.06940577164833994
2021-04-16 14:30,19.27,19.36,19.27,19.35,180000.0,0.20833597852601216,0.1699824749033168,0.0767070072453907
2021-04-16 14:35,19.32,19.54,19.32,19.39,320400.0,0.21952509349624094,0.17989099862190167,0.07926818974867855
2021-04-16 14:40,19.39,19.39,19.17,19.17,112400.0,0.20823992609688702,0.18556078411689875,0.04535828395997654
2021-04-16 14:45,19.17,19.26,19.12,19.13,126600.0,0.1938342829652342,0.18721548388656586,0.01323759815733666
2021-04-16 14:50,19.11,19.2,19.03,19.17,55690.0,0.18352975591946574,0.18647833829314586,-0.0058971647473602395
2021-04-16 14:55,19.18,19.18,19.15,19.17,120200.0,0.17336490132896998,0.1838556509003107,-0.020981499142681437
2021-04-16 15:00,19.18,19.18,19.13,19.13,150500.0,0.16023443233266832,0.17913140718678222,-0.0377939497082278
2021-04-19 09:35,19.08,19.37,18.98,19.3,422400.0,0.16168224799274356,0.17564157534797448,-0.027918654710461843
2021-04-19 09:40,19.31,19.47,19.03,19.04,336100.0,0.14023330301995074,0.16855992088236976,-0.05665323572483805
2021-04-19 09:45,19.03,19.2,18.87,18.97,169600.0,0.11624642814930297,0.1580972223357564,-0.08370158837290687
2021-04-19 09:50,18.97,19.13,18.7,19.13,220700.0,0.10889207971048265,0.14825619381070165,-0.07872822820043801
2021-04-19 09:55,19.13,19.13,18.88,18.98,96100.0,0.08992337845830178,0.13658963074022168,-0.09333250456383979
2021-04-19 10:00,18.98,20.22,18.96,20.21,395100.0,0.1721567506572086,0.14370305472361905,0.05690739186717908
2021-04-19 10:05,20.26,20.5,19.62,19.63,586701.0,0.18835489980840237,0.15263342374057573,0.07144295213565327
2021-04-19 10:10,19.63,19.9,19.6,19.71,179700.0,0.2052810292025491,0.16316294483297042,0.08423616873915735
2021-04-19 10:15,19.71,19.9,19.7,19.7,118900.0,0.21540513594494115,0.17361138305536458,0.08358750577915314
2021-04-19 10:20,19.69,19.7,19.6,19.6,91500.0,0.21290516104573243,0.18147013865343817,0.06287004478458852
2021-04-19 10:25,19.6,19.69,19.58,19.63,46300.0,0.2109133840045203,0.1873587877236546,0.047109192561731406
2021-04-19 10:30,19.62,19.64,19.58,19.58,37800.0,0.20296069961035812,0.1904791701009953,0.024963059018725642
2021-04-19 10:35,19.58,19.63,19.57,19.61,39400.0,0.19681018392136806,0.19174537286506985,0.010129622112596437
2021-04-19 10:40,19.61,19.64,19.6,19.64,33500.0,0.19214171511750067,0.19182464131555604,0.0006341476038892457
2021-04-19 10:45,19.64,19.9,19.61,19.87,64300.0,0.20464201203620647,0.19438811545968615,0.020507793153040632
2021-04-19 10:50,19.8,19.8,19.61,19.61,46000.0,0.19136284851626328,0.1937830620710016,-0.0048404271094766305
2021-04-19 10:55,19.61,19.8,19.61,19.66,16200.0,0.18276677625970805,0.1915798049087429,-0.01762605729806971
2021-04-19 11:00,19.66,19.79,19.66,19.7,22700.0,0.1771400327395085,0.18869185047489603,-0.02310363547077504
2021-04-19 11:05,19.7,19.76,19.47,19.47,56500.0,0.15236534727223017,0.18142654983436288,-0.05812240512426542
2021-04-19 11:10,19.46,19.46,19.27,19.35,74300.0,0.12164597435887003,0.16947043473926432,-0.09564892076078857
2021-04-19 11:15,19.34,19.34,19.05,19.05,91500.0,0.07226018675599377,0.15002838514261022,-0.1555363967732329
2021-04-19 11:20,19.12,19.24,19.12,19.2,55200.0,0.04470995217532803,0.12896469854915377,-0.16850949274765148
2021-04-19 11:25,19.2,19.31,19.13,19.13,20100.0,0.017031449843745605,0.10657804880807213,-0.17909319792865305
2021-04-19 11:30,19.14,19.14,19.07,19.07,64100.0,-0.009634401838759743,0.08333555867870576,-0.185939921034931
2021-04-19 13:05,19.07,19.19,19.06,19.17,37800.0,-0.022439449147409363,0.06218055711348274,-0.16924001252178422
2021-04-19 13:10,19.17,19.44,19.17,19.32,42400.0,-0.02025036143598058,0.04569437340359008,-0.13188946967914134
2021-04-19 13:15,19.32,19.34,19.2,19.25,20200.0,-0.02388853646051814,0.031777791430768434,-0.11133265578257315
2021-04-19 13:20,19.25,19.25,19.19,19.25,31400.0,-0.026466724454554225,0.020128888253703903,-0.09319122541651625
2021-04-19 13:25,19.25,19.25,19.1,19.13,40600.0,-0.03775770679227719,0.008551569244507687,-0.09261855207356975
2021-04-19 13:30,19.13,19.25,19.12,19.2,24800.0,-0.04058958518459832,-0.0012766616413135146,-0.07862584708656961
2021-04-19 13:35,19.19,19.56,19.19,19.56,45102.0,-0.013627785233460088,-0.0037468863597428298,-0.019761797747434515
2021-04-19 13:40,19.56,19.64,19.44,19.53,92600.0,0.005258272109838202,-0.0019458546658266233,0.014408253551329651
2021-04-19 13:45,19.53,19.54,19.42,19.52,34700.0,0.019197396557036228,0.002282795578745947,0.03382920195658056
2021-04-19 13:50,19.52,19.88,19.47,19.88,112300.0,0.058617537972285305,0.013549744057453818,0.09013558782966297
2021-04-19 13:55,19.92,20.4,19.92,20.4,426400.0,0.13031573950306807,0.036902943146576675,0.1868255927129828
2021-04-19 14:00,20.39,20.5,20.15,20.5,430000.0,0.19298167244594921,0.06811868900645118,0.24972596687899606
2021-04-19 14:05,20.5,20.96,20.41,20.75,533900.0,0.2598227119602221,0.10645949359720538,0.30672643672603345
2021-04-19 14:10,20.8,20.84,20.3,20.5,191000.0,0.2892870852325373,0.14302501192427178,0.2925241466165311
2021-04-19 14:15,20.5,20.66,20.44,20.51,140400.0,0.30987271004438455,0.17639455154829434,0.2669563169921804
2021-04-19 14:20,20.51,20.51,20.31,20.4,71800.0,0.31369480686227647,0.20385460261109078,0.21968040850237136
2021-04-19 14:25,20.4,20.46,20.38,20.45,65100.0,0.31710306155592605,0.22650429440005787,0.18119753431173635
2021-04-19 14:30,20.45,20.46,20.28,20.28,54400.0,0.30259838290786334,0.24172311210161898,0.12175054161248872
2021-04-19 14:35,20.28,20.43,20.28,20.42,69947.0,0.29895399498806796,0.2531692886789088,0.0915694126183183
2021-04-19 14:40,20.42,20.42,20.33,20.33,64600.0,0.2855123349940598,0.25963789794193903,0.05174887410424156
2021-04-19 14:45,20.33,20.33,20.2,20.2,77600.0,0.26135704770537416,0.2599817278946261,0.0027506396214961315
2021-04-19 14:50,20.2,20.38,20.02,20.38,137600.0,0.2538125115366867,0.2587478846230382,-0.009870746172703004
2021-04-19 14:55,20.38,20.39,20.26,20.3,219000.0,0.23862733349527332,0.2547237743974853,-0.03219288180442392
2021-04-19 15:00,20.3,20.5,20.28,20.5,299367.0,0.2399651303745607,0.2517720455929004,-0.023613830436679417
2021-04-20 09:35,20.2,21.66,20.1,21.58,1121950.0,0.3244324626261488,0.2663041289995501,0.11625666725319739
2021-04-20 09:40,21.56,21.96,21.24,21.39,1084000.0,0.3717566407420527,0.2873946313480506,0.16872401878800425
2021-04-20 09:45,21.39,21.45,20.85,20.88,501353.0,0.3639136846705533,0.30269844201255114,0.12243048531600431
2021-04-20 09:50,20.89,21.12,20.86,21.05,356394.0,0.36718300758125366,0.31559535512629167,0.10317530490992399
2021-04-20 09:55,21.05,21.45,21.04,21.17,189400.0,0.37513267074398016,0.3275028182498294,0.0952597049883015
2021-04-20 10:00,21.2,21.35,21.06,21.13,152000.0,0.37389513993706913,0.33678128258727735,0.07422771469958356
2021-04-20 10:05,21.13,21.13,20.86,20.87,207406.0,0.34792391050217475,0.33900980817025683,0.017828204663835834
2021-04-20 10:10,20.87,21.06,20.85,21.0,91647.0,0.33398150669418314,0.3380041478750421,-0.008045282361717976
2021-04-20 10:15,21.0,21.07,20.87,20.87,64747.0,0.3088815435204637,0.33217962700412645,-0.04659616696732549
2021-04-20 10:20,20.87,20.88,20.72,20.72,116200.0,0.2737305006519364,0.32048980173368846,-0.09351860216350416
2021-04-20 10:25,20.73,20.78,20.66,20.76,124600.0,0.24626195708654208,0.3056442328042592,-0.11876455143543418
2021-04-20 10:30,20.76,20.77,20.68,20.68,73190.0,0.21555284794457918,0.2876259558323232,-0.14414621577548803
2021-04-20 10:35,20.68,20.99,20.68,20.97,54310.0,0.21217046502201597,0.27253485767026175,-0.12072878529649156
2021-04-20 10:40,20.95,21.03,20.86,20.9,104800.0,0.20151850729041598,0.2583315875942926,-0.11362616060775321
2021-04-20 10:45,20.88,21.09,20.88,20.99,96090.0,0.19805593633499896,0.2462764573424339,-0.09644104201486986
2021-04-20 10:50,20.99,20.99,20.9,20.9,37900.0,0.1859065609558499,0.23420247806511713,-0.09659183421853446
2021-04-20 10:55,20.9,20.91,20.79,20.86,44800.0,0.1710783430837992,0.22157765106885355,-0.10099861597010867
2021-04-20 11:00,20.78,20.78,20.58,20.69,153700.0,0.14394992916029992,0.20605210668714286,-0.12420435505368588
2021-04-20 11:05,20.69,20.79,20.5,20.75,102400.0,0.12584134356029253,0.19000995406177282,-0.12833722100296058
2021-04-20 11:10,20.75,20.75,20.13,20.13,194900.0,0.06076092642569719,0.1641601485345577,-0.20679844421772103
2021-04-20 11:15,20.2,20.68,20.2,20.53,74667.0,0.04098839532108656,0.13952579789186348,-0.19707480514155384
2021-04-20 11:20,20.53,20.72,20.52,20.68,51000.0,0.03699580376823519,0.11901979906713782,-0.16404799059780525
2021-04-20 11:25,20.75,20.75,20.53,20.64,12400.0,0.030255217181032634,0.10126688268991678,-0.1420233310177683
2021-04-20 11:30,20.64,20.71,20.58,20.64,62100.0,0.02462934202375422,0.08593937455668427,-0.1226200650658601
2021-04-20 13:05,20.6,20.6,20.32,20.33,38700.0,-0.004788415914553923,0.06779381646243664,-0.14516446475398112
2021-04-20 13:10,20.33,20.53,20.33,20.53,18000.0,-0.011827532066625679,0.051869546756624176,-0.1273941576464997
2021-04-20 13:15,20.53,20.66,20.51,20.66,74600.0,-0.006837352048258083,0.04012816699564773,-0.09393103808781163
2021-04-20 13:20,20.66,20.78,20.6,20.78,21706.0,0.006722901265828085,0.0334471138496838,-0.053448425167711436
2021-04-20 13:25,20.78,20.79,20.63,20.63,13500.0,0.005304605129961004,0.027818612105739243,-0.04502801395155648
2021-04-20 13:30,20.63,20.68,20.43,20.43,49100.0,-0.011821462841218988,0.0198905971163476,-0.06342411991513318
2021-04-20 13:35,20.43,20.49,20.38,20.43,26200.0,-0.025104604837540734,0.010891556725569934,-0.07199232312622134
2021-04-20 13:40,20.43,20.6,20.4,20.55,19700.0,-0.02565288298465873,0.003582668783524201,-0.058471103536365865
2021-04-20 13:45,20.55,20.55,20.46,20.48,22000.0,-0.03137415067274674,-0.0034086951077299866,-0.0559309111300335
2021-04-20 13:50,20.48,20.5,20.37,20.37,46500.0,-0.04427401395346919,-0.011581758876877828,-0.06538451015318272
2021-04-20 13:55,20.37,20.37,20.21,20.22,73000.0,-0.06584200924231709,-0.022433808949965682,-0.08681640058470282
2021-04-20 14:00,20.22,20.31,20.16,20.25,78733.0,-0.07959651256842193,-0.03386634967365693,-0.09146032578952999
2021-04-20 14:05,20.25,20.31,20.19,20.19,50600.0,-0.09425207486017584,-0.04594349471096072,-0.09661716029843023
2021-04-20 14:10,20.18,20.18,19.8,20.01,214767.0,-0.11901922964875666,-0.06055864169851991,-0.1169211759004735
2021-04-20 14:15,20.01,20.15,19.97,20.07,38500.0,-0.13228102636746186,-0.07490311863230831,-0.11475581547030711
2021-04-20 14:20,20.07,20.07,19.93,19.98,93900.0,-0.14834333403747024,-0.0895911617133407,-0.1175043446482591
2021-04-20 14:25,19.98,20.09,19.98,20.0,47800.0,-0.15764179920300236,-0.10320128921127303,-0.10888101998345867
2021-04-20 14:30,19.98,20.15,19.98,20.06,37900.0,-0.1583441089571629,-0.114229853160451,-0.08822851159342376
2021-04-20 14:35,20.06,20.16,20.05,20.15,45300.0,-0.14991037319239098,-0.12136595716683901,-0.05708883205110393
2021-04-20 14:40,20.15,20.15,20.08,20.1,34900.0,-0.1455829691237831,-0.12620935955822782,-0.038747219131110566
2021-04-20 14:45,20.1,20.1,19.93,19.94,97900.0,-0.15329702041904625,-0.1316268917303915,-0.04334025737730951
2021-04-20 14:50,19.94,19.95,19.9,19.9,95800.0,-0.16078470140059054,-0.13745845366443132,-0.04665249547231842
2021-04-20 14:55,19.9,19.91,19.62,19.7,189605.0,-0.18077322978897215,-0.1461214088893395,-0.06930364179926529
2021-04-20 15:00,19.7,19.7,19.61,19.62,197895.0,-0.20075543032358567,-0.15704821317618872,-0.0874144342947939
