品种中文,合约品种,合约代码,交易所保证金,手续费-开仓,手续费-平昨,手续费-平今,现价,每手保证金,手续费-开加平,合约乘数,最小变动价位,最小跳动的浮亏比例,是否主力合约
白银,AG,AG2306,15.0,万分之[0.5],万分之[0.5],万分之[0.5],5520.0,12420.0,8.3,15,1.0,0.0011322463768115942,不是
白银,AG,AG2307,11.0,万分之[0.5],万分之[0.5],万分之[0.5],5516.0,9101.4,8.3,15,1.0,0.001510756586898719,不是
白银,AG,AG2308,11.0,万分之[0.5],万分之[0.5],万分之[0.5],5536.0,9134.4,8.3,15,1.0,0.0015052986512524083,是
白银,AG,AG2309,11.0,万分之[0.1],万分之[0.1],万分之[0.1],5539.0,9139.35,1.7,15,1.0,0.0015044833604140337,不是
白银,AG,AG2310,11.0,万分之[0.1],万分之[0.1],万分之[0.1],5551.0,9159.15,1.7,15,1.0,0.0015012310094277307,不是
白银,AG,AG2311,11.0,万分之[0.1],万分之[0.1],万分之[0.1],5560.0,9174.0,1.7,15,1.0,0.001498800959232614,不是
白银,AG,AG2312,11.0,万分之[0.5],万分之[0.5],万分之[0.5],5562.0,9177.3,8.3,15,1.0,0.0014982620160613688,不是
白银,AG,AG2401,11.0,万分之[0.1],万分之[0.1],万分之[0.1],5573.0,9195.45,1.7,15,1.0,0.0014953047431066453,不是
白银,AG,AG2402,11.0,万分之[0.1],万分之[0.1],万分之[0.1],5587.0,9218.55,1.7,15,1.0,0.0014915577829485115,不是
白银,AG,AG2403,11.0,万分之[0.1],万分之[0.1],万分之[0.1],5586.0,9216.9,1.7,15,1.0,0.001491824800095477,不是
白银,AG,AG2404,11.0,万分之[0.1],万分之[0.1],万分之[0.1],5595.0,9231.75,1.7,15,1.0,0.0014894250819183794,不是
白银,AG,AG2405,11.0,万分之[0.1],万分之[0.1],万分之[0.1],5606.0,9249.9,1.7,15,1.0,0.0014865025567843977,不是
铝,AL,AL2306,15.0,3元,3元,3元,18585.0,13938.75,6.0,5,5.0,0.0016814635458703255,不是
铝,AL,AL2307,10.0,3元,3元,3元,18395.0,9197.5,6.0,5,5.0,0.002471027206009538,是
铝,AL,AL2308,9.0,3元,3元,3元,18190.0,8185.5,6.0,5,5.0,0.0027487630566245193,不是
铝,AL,AL2309,9.0,3元,3元,3元,18010.0,8104.5,6.0,5,5.0,0.00277623542476402,不是
铝,AL,AL2310,9.0,3元,3元,3元,17895.0,8052.75,6.0,5,5.0,0.002794076557697681,不是
铝,AL,AL2311,9.0,3元,3元,3元,17805.0,8012.25,6.0,5,5.0,0.002808199943836001,不是
铝,AL,AL2312,9.0,3元,3元,3元,17735.0,7980.75,6.0,5,5.0,0.0028192839018889204,不是
铝,AL,AL2401,9.0,3元,3元,3元,17650.0,7942.5,6.0,5,5.0,0.0028328611898016994,不是
铝,AL,AL2402,9.0,3元,3元,3元,17665.0,7949.25,6.0,5,5.0,0.002830455703368242,不是
铝,AL,AL2403,9.0,3元,3元,3元,17655.0,7944.75,6.0,5,5.0,0.0028320589068252617,不是
铝,AL,AL2404,9.0,3元,3元,3元,17620.0,7929.0,6.0,5,5.0,0.0028376844494892167,不是
铝,AL,AL2405,9.0,3元,3元,3元,17635.0,7935.75,6.0,5,5.0,0.002835270768358378,不是
黄金,AU,AU2306,15.0,10元,10元,0元,451.86,67779.0,10.0,1000,0.02,0.0002766343557739123,不是
黄金,AU,AU2308,9.0,10元,10元,0元,453.06,40775.4,10.0,1000,0.02,0.00044144263452964287,是
黄金,AU,AU2310,9.0,2元,2元,0元,453.8,40842.0,2.0,1000,0.02,0.00044072278536800354,不是
黄金,AU,AU2312,9.0,10元,10元,0元,454.6,40914.0,10.0,1000,0.02,0.0004399472063352398,不是
黄金,AU,AU2402,9.0,2元,2元,0元,455.14,40962.6,2.0,1000,0.02,0.00043942523179680984,不是
黄金,AU,AU2404,9.0,2元,2元,0元,455.68,41011.2,2.0,1000,0.02,0.0004389044943820225,不是
黄金,AU,AU2307,10.0,2元,2元,0元,452.08,45208.0,2.0,1000,0.02,0.0004021814320876434,不是
黄金,AU,AU2406,9.0,10元,10元,0元,456.24,41061.6,10.0,1000,0.02,0.000438365772400491,不是
石油沥青,BU,BU2306,15.0,万分之[1],万分之[1],万分之[1],3780.0,5670.0,7.6,10,1.0,0.0016534391534391536,不是
石油沥青,BU,BU2309,12.0,万分之[1],万分之[1],万分之[1],3633.0,4359.6,7.3,10,1.0,0.0021173431578055857,不是
石油沥青,BU,BU2312,12.0,万分之[1],万分之[1],万分之[1],3466.0,4159.2,6.9,10,1.0,0.002219361711571752,不是
石油沥青,BU,BU2403,12.0,万分之[1],万分之[1],万分之[1],3398.0,4077.6,6.8,10,1.0,0.0022637750713089145,不是
石油沥青,BU,BU2406,12.0,万分之[1],万分之[1],万分之[1],3347.0,4016.4,6.7,10,1.0,0.002298269403139436,不是
石油沥青,BU,BU2307,12.0,万分之[1],万分之[1],万分之[1],3739.0,4486.8,7.5,10,1.0,0.002057316847367663,不是
石油沥青,BU,BU2308,12.0,万分之[1],万分之[1],万分之[1],3672.0,4406.4,7.3,10,1.0,0.002094855036031507,是
石油沥青,BU,BU2409,12.0,万分之[1],万分之[1],万分之[1],3295.0,3954.0,6.6,10,1.0,0.002334539512081242,不是
石油沥青,BU,BU2310,12.0,万分之[1],万分之[1],万分之[1],3572.0,4286.4,7.1,10,1.0,0.002153501593591179,不是
石油沥青,BU,BU2311,12.0,万分之[1],万分之[1],万分之[1],3522.0,4226.4,7.0,10,1.0,0.002184073734329271,不是
石油沥青,BU,BU2412,12.0,万分之[1],万分之[1],万分之[1],3277.0,3932.4,6.6,10,1.0,0.0023473627379638974,不是
石油沥青,BU,BU2401,12.0,万分之[1],万分之[1],万分之[1],3420.0,4104.0,6.8,10,1.0,0.002249212775528565,不是
石油沥青,BU,BU2402,12.0,万分之[1],万分之[1],万分之[1],3418.0,4101.6,6.8,10,1.0,0.0022505288742854573,不是
石油沥青,BU,BU2503,12.0,万分之[1],万分之[1],万分之[1],3263.0,3915.6,6.5,10,1.0,0.00235743416865084,不是
石油沥青,BU,BU2404,12.0,万分之[1],万分之[1],万分之[1],3410.0,4092.0,6.8,10,1.0,0.0022558087074216106,不是
石油沥青,BU,BU2405,12.0,万分之[1],万分之[1],万分之[1],3380.0,4056.0,6.8,10,1.0,0.0022758306781975423,不是
铜,CU,CU2306,15.0,万分之[0.5],万分之[0.5],万分之[1],66100.0,49575.0,49.6,5,10.0,0.00094553706505295,不是
铜,CU,CU2307,10.0,万分之[0.5],万分之[0.5],万分之[1],65910.0,32955.0,49.4,5,10.0,0.0013792913201197223,是
铜,CU,CU2308,9.0,万分之[0.5],万分之[0.5],万分之[1],65770.0,29596.5,49.3,5,10.0,0.0015204500532157521,不是
铜,CU,CU2309,9.0,万分之[0.5],万分之[0.5],万分之[1],65600.0,29520.0,49.2,5,10.0,0.001524390243902439,不是
铜,CU,CU2310,9.0,万分之[0.5],万分之[0.5],万分之[1],65480.0,29466.0,49.1,5,10.0,0.0015271838729383018,不是
铜,CU,CU2311,9.0,万分之[0.5],万分之[0.5],万分之[1],65370.0,29416.5,49.0,5,10.0,0.0015297537096527459,不是
铜,CU,CU2312,9.0,万分之[0.5],万分之[0.5],万分之[1],65220.0,29349.0,48.9,5,10.0,0.0015332720024532353,不是
铜,CU,CU2401,9.0,万分之[0.5],万分之[0.5],万分之[1],64960.0,29232.0,48.7,5,10.0,0.001539408866995074,不是
铜,CU,CU2402,9.0,万分之[0.5],万分之[0.5],万分之[1],65090.0,29290.5,48.8,5,10.0,0.0015363343063450607,不是
铜,CU,CU2403,9.0,万分之[0.5],万分之[0.5],万分之[1],65230.0,29353.5,48.9,5,10.0,0.0015330369461904031,不是
铜,CU,CU2404,9.0,万分之[0.5],万分之[0.5],万分之[1],64990.0,29245.5,48.7,5,10.0,0.0015386982612709647,不是
铜,CU,CU2405,9.0,万分之[0.5],万分之[0.5],万分之[1],65130.0,29308.5,48.8,5,10.0,0.0015353907569476432,不是
燃料油,FU,FU2307,15.0,万分之[0.5],万分之[0.5],0,3056.0,4584.0,1.5,10,1.0,0.002045157068062827,不是
燃料油,FU,FU2308,15.0,万分之[0.1],万分之[0.1],0,2997.0,4495.5,0.3,10,1.0,0.002085418752085419,不是
燃料油,FU,FU2309,15.0,万分之[0.5],万分之[0.5],万分之[1],2917.0,4375.5,4.4,10,1.0,0.0021426122728830993,是
燃料油,FU,FU2310,15.0,万分之[0.1],万分之[0.1],0,2871.0,4306.5,0.3,10,1.0,0.002176941832114246,不是
燃料油,FU,FU2311,15.0,万分之[0.1],万分之[0.1],0,2843.0,4264.5,0.3,10,1.0,0.002198381990854731,不是
燃料油,FU,FU2312,15.0,万分之[0.1],万分之[0.1],0,2812.0,4218.0,0.3,10,1.0,0.0022226173541963017,不是
燃料油,FU,FU2401,15.0,万分之[0.5],万分之[0.5],0,2802.0,4203.0,1.4,10,1.0,0.0022305496074232693,不是
燃料油,FU,FU2402,15.0,万分之[0.1],万分之[0.1],0,2778.0,4167.0,0.3,10,1.0,0.002249820014398848,不是
燃料油,FU,FU2403,15.0,万分之[0.1],万分之[0.1],0,2760.0,4140.0,0.3,10,1.0,0.0022644927536231885,不是
燃料油,FU,FU2404,15.0,万分之[0.1],万分之[0.1],0,2750.0,4125.0,0.3,10,1.0,0.0022727272727272726,不是
燃料油,FU,FU2405,15.0,万分之[0.5],万分之[0.5],0,2740.0,4110.0,1.4,10,1.0,0.002281021897810219,不是
燃料油,FU,FU2406,15.0,万分之[0.1],万分之[0.1],0,2780.0,4170.0,0.3,10,1.0,0.0022482014388489208,不是
热轧卷板,HC,HC2306,15.0,万分之[1],万分之[1],万分之[1],3845.0,5767.5,7.7,10,1.0,0.001625487646293888,不是
热轧卷板,HC,HC2307,13.0,万分之[1],万分之[1],万分之[1],3787.0,4923.1,7.6,10,1.0,0.0018861518729488098,不是
热轧卷板,HC,HC2308,13.0,万分之[1],万分之[1],万分之[1],3755.0,4881.5,7.5,10,1.0,0.0019022256039566293,不是
热轧卷板,HC,HC2309,13.0,万分之[1],万分之[1],万分之[1],3734.0,4854.2,7.5,10,1.0,0.0019129237126023415,不是
热轧卷板,HC,HC2310,13.0,万分之[1],万分之[1],万分之[1],3692.0,4799.6,7.4,10,1.0,0.0019346850332765825,是
热轧卷板,HC,HC2311,13.0,万分之[1],万分之[1],万分之[1],3654.0,4750.2,7.3,10,1.0,0.001954804910469935,不是
热轧卷板,HC,HC2312,13.0,万分之[1],万分之[1],万分之[1],3648.0,4742.4,7.3,10,1.0,0.001958020050125313,不是
热轧卷板,HC,HC2401,13.0,万分之[1],万分之[1],万分之[1],3609.0,4691.7,7.2,10,1.0,0.001979179036535645,不是
热轧卷板,HC,HC2402,13.0,万分之[1],万分之[1],万分之[1],3551.0,4616.3,7.1,10,1.0,0.0020115058132518003,不是
热轧卷板,HC,HC2403,13.0,万分之[1],万分之[1],万分之[1],3579.0,4652.7,7.2,10,1.0,0.001995768969784058,不是
热轧卷板,HC,HC2404,13.0,万分之[1],万分之[1],万分之[1],3589.0,4665.7,7.2,10,1.0,0.0019902081757751863,不是
热轧卷板,HC,HC2405,13.0,万分之[1],万分之[1],万分之[1],3553.0,4618.9,7.1,10,1.0,0.0020103735274013914,不是
镍,NI,NI2306,15.0,3元,3元,18元,165360.0,24804.0,21.0,1,10.0,0.0003779632317368166,不是
镍,NI,NI2307,12.0,3元,3元,18元,161000.0,19320.0,21.0,1,10.0,0.0004777830864787387,是
镍,NI,NI2308,12.0,3元,3元,18元,158440.0,19012.8,21.0,1,10.0,0.00048550288388713033,不是
镍,NI,NI2309,12.0,3元,3元,18元,156640.0,18796.8,21.0,1,10.0,0.000491081951756109,不是
镍,NI,NI2310,12.0,3元,3元,3元,156020.0,18722.4,6.0,1,10.0,0.0004930334375277332,不是
镍,NI,NI2311,12.0,3元,3元,3元,154990.0,18598.8,6.0,1,10.0,0.0004963099356286014,不是
镍,NI,NI2312,12.0,3元,3元,3元,153580.0,18429.6,6.0,1,10.0,0.0005008664990433449,不是
镍,NI,NI2401,12.0,3元,3元,3元,152610.0,18313.2,6.0,1,10.0,0.0005040500420881786,不是
镍,NI,NI2402,12.0,3元,3元,3元,152180.0,18261.6,6.0,1,10.0,0.0005054742865230446,不是
镍,NI,NI2403,12.0,3元,3元,3元,151750.0,18210.0,6.0,1,10.0,0.000506906602458497,不是
镍,NI,NI2404,12.0,3元,3元,3元,150000.0,18000.0,6.0,1,10.0,0.0005128205128205128,不是
镍,NI,NI2405,12.0,3元,3元,3元,149310.0,17917.2,6.0,1,10.0,0.0005151903886081101,不是
铅,PB,PB2306,15.0,万分之[0.4],万分之[0.4],0,15060.0,11295.0,3.0,5,5.0,0.0020750332005312084,不是
铅,PB,PB2307,10.0,万分之[0.4],万分之[0.4],0,15050.0,7525.0,3.0,5,5.0,0.0030202355783751134,是
铅,PB,PB2308,9.0,万分之[0.4],万分之[0.4],0,15050.0,6772.5,3.0,5,5.0,0.0033222591362126247,不是
铅,PB,PB2309,9.0,万分之[0.4],万分之[0.4],0,15045.0,6770.25,3.0,5,5.0,0.0033233632436025255,不是
铅,PB,PB2310,9.0,万分之[0.4],万分之[0.4],0,15055.0,6774.75,3.0,5,5.0,0.0033211557622052474,不是
铅,PB,PB2311,9.0,万分之[0.4],万分之[0.4],0,15065.0,6779.25,3.0,5,5.0,0.0033189512114171925,不是
铅,PB,PB2312,9.0,万分之[0.4],万分之[0.4],0,15060.0,6777.0,3.0,5,5.0,0.0033200531208499333,不是
铅,PB,PB2401,9.0,万分之[0.4],万分之[0.4],0,15070.0,6781.5,3.0,5,5.0,0.0033178500331785,不是
铅,PB,PB2402,9.0,万分之[0.4],万分之[0.4],0,15090.0,6790.5,3.0,5,5.0,0.0033134526176275677,不是
铅,PB,PB2403,9.0,万分之[0.4],万分之[0.4],0,15100.0,6795.0,3.0,5,5.0,0.003311258278145696,不是
铅,PB,PB2404,9.0,万分之[0.4],万分之[0.4],0,15060.0,6777.0,3.0,5,5.0,0.0033200531208499333,不是
铅,PB,PB2405,9.0,万分之[0.4],万分之[0.4],0,15120.0,6804.0,3.0,5,5.0,0.0033068783068783067,不是
螺纹钢,RB,RB2306,15.0,万分之[1],万分之[1],万分之[1],3366.0,5049.0,6.7,10,1.0,0.0018568033273915628,不是
螺纹钢,RB,RB2307,13.0,万分之[1],万分之[1],万分之[1],3589.0,4665.7,7.2,10,1.0,0.0019902081757751863,不是
螺纹钢,RB,RB2308,13.0,万分之[1],万分之[1],万分之[1],3535.0,4595.5,7.1,10,1.0,0.0020206102242877346,不是
螺纹钢,RB,RB2309,13.0,万分之[1],万分之[1],万分之[1],3543.0,4605.9,7.1,10,1.0,0.0020160477400104834,不是
螺纹钢,RB,RB2310,13.0,万分之[1],万分之[1],万分之[1],3563.0,4631.9,7.1,10,1.0,0.0020047311655507,是
螺纹钢,RB,RB2311,13.0,万分之[1],万分之[1],万分之[1],3543.0,4605.9,7.1,10,1.0,0.0020160477400104834,不是
螺纹钢,RB,RB2312,13.0,万分之[1],万分之[1],万分之[1],3511.0,4564.3,7.0,10,1.0,0.0020344224274728407,不是
螺纹钢,RB,RB2401,13.0,万分之[3],万分之[3],万分之[3],3486.0,4531.8,20.9,10,1.0,0.002049012376034751,不是
螺纹钢,RB,RB2402,13.0,万分之[1],万分之[1],万分之[1],3490.0,4537.0,7.0,10,1.0,0.002046663937781416,不是
螺纹钢,RB,RB2403,13.0,万分之[1],万分之[1],万分之[1],3482.0,4526.6,7.0,10,1.0,0.0020513662098957906,不是
螺纹钢,RB,RB2404,13.0,万分之[1],万分之[1],万分之[1],3484.0,4529.2,7.0,10,1.0,0.0020501886173527966,不是
螺纹钢,RB,RB2405,13.0,万分之[3],万分之[3],万分之[3],3458.0,4495.4,20.7,10,1.0,0.002065603569362968,不是
天然橡胶,RU,RU2306,15.0,3元,3元,0元,11705.0,17557.5,3.0,10,5.0,0.0026697992310978215,不是
天然橡胶,RU,RU2307,10.0,3元,3元,0元,11795.0,11795.0,3.0,10,5.0,0.003853713052526109,不是
天然橡胶,RU,RU2308,10.0,3元,3元,0元,11885.0,11885.0,3.0,10,5.0,0.003824530538876353,不是
天然橡胶,RU,RU2309,10.0,3元,3元,0元,11935.0,11935.0,3.0,10,5.0,0.0038085082073351863,是
天然橡胶,RU,RU2310,10.0,3元,3元,0元,11985.0,11985.0,3.0,10,5.0,0.003792619562331702,不是
天然橡胶,RU,RU2311,10.0,3元,3元,0元,12015.0,12015.0,3.0,10,5.0,0.003783149850565581,不是
天然橡胶,RU,RU2401,10.0,3元,3元,0元,13255.0,13255.0,3.0,10,5.0,0.003429237680463633,不是
天然橡胶,RU,RU2403,10.0,3元,3元,0元,13145.0,13145.0,3.0,10,5.0,0.003457934230090944,不是
天然橡胶,RU,RU2404,10.0,3元,3元,0元,13285.0,13285.0,3.0,10,5.0,0.0034214938242036474,不是
天然橡胶,RU,RU2405,10.0,3元,3元,0元,13180.0,13180.0,3.0,10,5.0,0.003448751551938198,不是
锡,SN,SN2306,15.0,3元,3元,21元,209340.0,31401.0,24.0,1,10.0,0.0002985573707843699,不是
锡,SN,SN2307,14.0,3元,3元,21元,209560.0,29338.4,24.0,1,10.0,0.0003181268689953553,是
锡,SN,SN2308,14.0,3元,3元,3元,209770.0,29367.8,6.0,1,10.0,0.00031780839331966757,不是
锡,SN,SN2309,14.0,3元,3元,3元,209470.0,29325.8,6.0,1,10.0,0.0003182635540491081,不是
锡,SN,SN2310,14.0,3元,3元,3元,209780.0,29369.2,6.0,1,10.0,0.00031779324371563857,不是
锡,SN,SN2311,14.0,3元,3元,3元,209200.0,29288.0,6.0,1,10.0,0.00031867431485022306,不是
锡,SN,SN2312,14.0,3元,3元,3元,208230.0,29152.2,6.0,1,10.0,0.00032015879876418703,不是
锡,SN,SN2401,14.0,3元,3元,3元,207470.0,29045.8,6.0,1,10.0,0.00032133159814270334,不是
锡,SN,SN2402,14.0,3元,3元,3元,209430.0,29320.2,6.0,1,10.0,0.0003183243406707094,不是
锡,SN,SN2403,14.0,3元,3元,3元,208720.0,29220.8,6.0,1,10.0,0.00031940718027341253,不是
锡,SN,SN2404,14.0,3元,3元,3元,207250.0,29015.0,6.0,1,10.0,0.0003216726980297547,不是
锡,SN,SN2405,14.0,3元,3元,3元,208040.0,29125.6,6.0,1,10.0,0.0003204511952829584,不是
纸浆,SP,SP2306,15.0,万分之[0.5],万分之[0.5],0,5062.0,7593.0,2.5,10,2.0,0.0024693796918214142,不是
纸浆,SP,SP2307,10.0,万分之[0.5],万分之[0.5],0,5100.0,5100.0,2.6,10,2.0,0.0035650623885918,不是
纸浆,SP,SP2308,10.0,万分之[0.5],万分之[0.5],0,5140.0,5140.0,2.6,10,2.0,0.003537318712415989,不是
纸浆,SP,SP2309,10.0,万分之[0.5],万分之[0.5],0,5160.0,5160.0,2.6,10,2.0,0.0035236081747709656,是
纸浆,SP,SP2310,10.0,万分之[0.5],万分之[0.5],0,5118.0,5118.0,2.6,10,2.0,0.003552524068350563,不是
纸浆,SP,SP2311,10.0,万分之[0.5],万分之[0.5],0,5088.0,5088.0,2.5,10,2.0,0.0035734705546026303,不是
纸浆,SP,SP2312,10.0,万分之[0.5],万分之[0.5],0,5064.0,5064.0,2.5,10,2.0,0.0035904064340083297,不是
纸浆,SP,SP2401,10.0,万分之[0.5],万分之[0.5],0,5234.0,5234.0,2.6,10,2.0,0.0034737902525445517,不是
纸浆,SP,SP2402,10.0,万分之[0.5],万分之[0.5],0,5192.0,5192.0,2.6,10,2.0,0.0035018910211514222,不是
纸浆,SP,SP2403,10.0,万分之[0.5],万分之[0.5],0,5188.0,5188.0,2.6,10,2.0,0.003504591014228639,不是
纸浆,SP,SP2404,10.0,万分之[0.5],万分之[0.5],0,5172.0,5172.0,2.6,10,2.0,0.003515432749771497,不是
纸浆,SP,SP2405,10.0,万分之[0.5],万分之[0.5],0,5156.0,5156.0,2.6,10,2.0,0.003526341773044643,不是
不锈钢,SS,SS2306,15.0,2元,2元,0元,15110.0,11332.5,2.0,5,5.0,0.002068166776968895,不是
不锈钢,SS,SS2307,10.0,2元,2元,0元,15065.0,7532.5,2.0,5,5.0,0.0030172283740156295,是
不锈钢,SS,SS2308,10.0,2元,2元,0元,14860.0,7430.0,2.0,5,5.0,0.0030588523186100575,不是
不锈钢,SS,SS2309,10.0,2元,2元,0元,14610.0,7305.0,2.0,5,5.0,0.0031111940762864787,不是
不锈钢,SS,SS2310,10.0,2元,2元,0元,14380.0,7190.0,2.0,5,5.0,0.003160955873056012,不是
不锈钢,SS,SS2311,10.0,2元,2元,0元,14215.0,7107.5,2.0,5,5.0,0.003197646532152336,不是
不锈钢,SS,SS2312,10.0,2元,2元,0元,14085.0,7042.5,2.0,5,5.0,0.0032271597766805435,不是
不锈钢,SS,SS2401,10.0,2元,2元,0元,13995.0,6997.5,2.0,5,5.0,0.0032479132157588746,不是
不锈钢,SS,SS2402,10.0,2元,2元,0元,13985.0,6992.5,2.0,5,5.0,0.003250235642084051,不是
不锈钢,SS,SS2403,10.0,2元,2元,0元,13885.0,6942.5,2.0,5,5.0,0.0032736438930173178,不是
不锈钢,SS,SS2404,10.0,2元,2元,0元,13875.0,6937.5,2.0,5,5.0,0.0032760032760032758,不是
不锈钢,SS,SS2405,10.0,2元,2元,0元,13830.0,6915.0,2.0,5,5.0,0.0032866627226713994,不是
线材,WR,WR2306,15.0,万分之[0.4],万分之[0.4],0,4609.0,6913.5,1.8,10,1.0,0.0013560425254935996,不是
线材,WR,WR2307,13.0,万分之[0.4],万分之[0.4],0,4499.0,5848.7,1.8,10,1.0,0.0015876543993903407,不是
线材,WR,WR2308,13.0,万分之[0.4],万分之[0.4],0,4194.0,5452.2,1.7,10,1.0,0.0017031132910961236,不是
线材,WR,WR2309,13.0,万分之[0.4],万分之[0.4],0,3841.0,4993.3,1.5,10,1.0,0.0018596347677316178,不是
线材,WR,WR2310,13.0,万分之[0.4],万分之[0.4],0,3975.0,5167.5,1.6,10,1.0,0.0017969451931716081,是
线材,WR,WR2311,13.0,万分之[0.4],万分之[0.4],0,3991.0,5188.3,1.6,10,1.0,0.0017897412034219853,不是
线材,WR,WR2402,13.0,万分之[0.4],万分之[0.4],0,3954.0,5140.2,1.6,10,1.0,0.001806488908158104,不是
线材,WR,WR2403,13.0,万分之[0.4],万分之[0.4],0,3930.0,5109.0,1.6,10,1.0,0.001817520901490367,不是
锌,ZN,ZN2306,15.0,3元,3元,0元,19370.0,14527.5,3.0,5,5.0,0.0016133195663397006,不是
锌,ZN,ZN2307,10.0,3元,3元,0元,19235.0,9617.5,3.0,5,5.0,0.002363116478011201,是
锌,ZN,ZN2308,9.0,3元,3元,0元,19075.0,8583.75,3.0,5,5.0,0.002621231979030144,不是
锌,ZN,ZN2309,9.0,3元,3元,0元,18940.0,8523.0,3.0,5,5.0,0.0026399155227032735,不是
锌,ZN,ZN2310,9.0,3元,3元,0元,18855.0,8484.75,3.0,5,5.0,0.0026518164942985947,不是
锌,ZN,ZN2311,9.0,3元,3元,0元,18760.0,8442.0,3.0,5,5.0,0.0026652452025586353,不是
锌,ZN,ZN2312,9.0,3元,3元,0元,18690.0,8410.5,3.0,5,5.0,0.0026752273943285174,不是
锌,ZN,ZN2401,9.0,3元,3元,0元,18685.0,8408.25,3.0,5,5.0,0.0026759432700026757,不是
锌,ZN,ZN2402,9.0,3元,3元,0元,18710.0,8419.5,3.0,5,5.0,0.0026723677177979688,不是
锌,ZN,ZN2403,9.0,3元,3元,0元,18655.0,8394.75,3.0,5,5.0,0.002680246582685607,不是
锌,ZN,ZN2404,9.0,3元,3元,0元,18690.0,8410.5,3.0,5,5.0,0.0026752273943285174,不是
锌,ZN,ZN2405,9.0,3元,3元,0元,18730.0,8428.5,3.0,5,5.0,0.0026695141484249863,不是
黄大豆1号,A,A2307,8.0,2元,2元,2元,5018.0,4014.4,4.0,10,1.0,0.0022142509189141315,是
黄大豆1号,A,A2309,8.0,2元,2元,2元,4806.0,3844.8,4.0,10,1.0,0.002311924908678966,不是
黄大豆1号,A,A2311,8.0,2元,2元,2元,4729.0,3783.2,4.0,10,1.0,0.0023495688541152696,不是
黄大豆1号,A,A2401,8.0,2元,2元,2元,4703.0,3762.4,4.0,10,1.0,0.002362558177995133,不是
黄大豆1号,A,A2403,8.0,2元,2元,2元,4689.0,3751.2,4.0,10,1.0,0.00236961209450013,不是
黄大豆1号,A,A2405,8.0,2元,2元,2元,4688.0,3750.4,4.0,10,1.0,0.0023701175578308684,不是
黄大豆2号,B,B2306,20.0,1元,1元,1元,3824.0,7648.0,2.0,10,1.0,0.0012452679816696553,不是
黄大豆2号,B,B2307,8.0,1元,1元,1元,3820.0,3056.0,2.0,10,1.0,0.002908667830133799,是
黄大豆2号,B,B2308,8.0,1元,1元,1元,3822.0,3057.6,2.0,10,1.0,0.0029071457642886214,不是
黄大豆2号,B,B2309,8.0,1元,1元,1元,3824.0,3059.2,2.0,10,1.0,0.002905625290562529,不是
黄大豆2号,B,B2310,8.0,1元,1元,1元,3837.0,3069.6,2.0,10,1.0,0.002895780847305476,不是
黄大豆2号,B,B2311,8.0,1元,1元,1元,3818.0,3054.4,2.0,10,1.0,0.0029101914906000817,不是
黄大豆2号,B,B2312,8.0,1元,1元,1元,3782.0,3025.6,2.0,10,1.0,0.0029378929431811505,不是
黄大豆2号,B,B2401,8.0,1元,1元,1元,3779.0,3023.2,2.0,10,1.0,0.0029402252212519476,不是
黄大豆2号,B,B2402,8.0,1元,1元,1元,3690.0,2952.0,2.0,10,1.0,0.0030111412225233367,不是
黄大豆2号,B,B2403,8.0,1元,1元,1元,3726.0,2980.8,2.0,10,1.0,0.0029820480706148986,不是
黄大豆2号,B,B2404,8.0,1元,1元,1元,3653.0,2922.4,2.0,10,1.0,0.0030416400523162086,不是
黄大豆2号,B,B2405,8.0,1元,1元,1元,3620.0,2896.0,2.0,10,1.0,0.0030693677102516886,不是
玉米,C,C2307,8.0,1.2元,1.2元,1.2元,2650.0,2120.0,2.4,10,1.0,0.0041928721174004195,是
玉米,C,C2309,8.0,1.2元,1.2元,1.2元,2609.0,2087.2,2.4,10,1.0,0.004258762403645501,不是
玉米,C,C2311,8.0,1.2元,1.2元,1.2元,2542.0,2033.6,2.4,10,1.0,0.004371011452050004,不是
玉米,C,C2401,8.0,1.2元,1.2元,1.2元,2529.0,2023.2,2.4,10,1.0,0.0043934800755678575,不是
玉米,C,C2403,8.0,1.2元,1.2元,1.2元,2517.0,2013.6,2.4,10,1.0,0.0044144263452964285,不是
玉米,C,C2405,8.0,1.2元,1.2元,1.2元,2518.0,2014.4,2.4,10,1.0,0.004412673197422999,不是
玉米淀粉,CS,CS2307,6.0,1.5元,1.5元,1.5元,2933.0,1759.8,3.0,10,1.0,0.0048706833568749695,是
玉米淀粉,CS,CS2309,6.0,1.5元,1.5元,1.5元,2910.0,1746.0,3.0,10,1.0,0.0049091801669121264,不是
玉米淀粉,CS,CS2311,6.0,1.5元,1.5元,1.5元,2826.0,1695.6,3.0,10,1.0,0.00505510059650187,不是
玉米淀粉,CS,CS2401,6.0,1.5元,1.5元,1.5元,2827.0,1696.2,3.0,10,1.0,0.005053312446308555,不是
玉米淀粉,CS,CS2403,6.0,1.5元,1.5元,1.5元,2814.0,1688.4,3.0,10,1.0,0.0050766575286831156,不是
玉米淀粉,CS,CS2405,6.0,1.5元,1.5元,1.5元,2806.0,1683.6,3.0,10,1.0,0.005091131249363609,不是
苯乙烯,EB,EB2306,20.0,3元,3元,3元,7883.0,7883.0,6.0,5,1.0,0.0006040726578592873,不是
苯乙烯,EB,EB2307,8.0,3元,3元,3元,7668.0,3067.2,6.0,5,1.0,0.0014490233582565351,是
苯乙烯,EB,EB2308,8.0,3元,3元,3元,7478.0,2991.2,6.0,5,1.0,0.00148583994532109,不是
苯乙烯,EB,EB2309,8.0,3元,3元,3元,7378.0,2951.2,6.0,5,1.0,0.0015059787355802534,不是
苯乙烯,EB,EB2310,8.0,3元,3元,3元,7285.0,2914.0,6.0,5,1.0,0.0015252039960344695,不是
苯乙烯,EB,EB2311,8.0,3元,3元,3元,7239.0,2895.6,6.0,5,1.0,0.0015348958573160813,不是
苯乙烯,EB,EB2312,8.0,3元,3元,3元,7204.0,2881.6,6.0,5,1.0,0.001542353013757789,不是
苯乙烯,EB,EB2401,8.0,3元,3元,3元,7219.0,2887.6,6.0,5,1.0,0.0015391482353665482,不是
苯乙烯,EB,EB2402,8.0,3元,3元,3元,7250.0,2900.0,6.0,5,1.0,0.0015325670498084292,不是
苯乙烯,EB,EB2403,8.0,3元,3元,3元,7261.0,2904.4,6.0,5,1.0,0.0015302452983213212,不是
苯乙烯,EB,EB2404,8.0,3元,3元,3元,7186.0,2874.4,6.0,5,1.0,0.0015462164084485265,不是
苯乙烯,EB,EB2405,8.0,3元,3元,3元,7237.0,2894.8,6.0,5,1.0,0.0015353200374618088,不是
乙二醇,EG,EG2306,20.0,3元,3元,3元,3902.0,7804.0,6.0,10,1.0,0.0012203753874691855,不是
乙二醇,EG,EG2307,8.0,3元,3元,3元,3982.0,3185.6,6.0,10,1.0,0.0027903342820469897,不是
乙二醇,EG,EG2308,8.0,3元,3元,3元,4014.0,3211.2,6.0,10,1.0,0.0027680894646514975,不是
乙二醇,EG,EG2309,8.0,3元,3元,3元,4037.0,3229.6,6.0,10,1.0,0.002752318828613106,是
乙二醇,EG,EG2310,8.0,3元,3元,3元,4059.0,3247.2,6.0,10,1.0,0.0027374011113848514,不是
乙二醇,EG,EG2311,8.0,3元,3元,3元,4082.0,3265.6,6.0,10,1.0,0.002721977244270238,不是
乙二醇,EG,EG2312,8.0,3元,3元,3元,4093.0,3274.4,6.0,10,1.0,0.0027146618888617426,不是
乙二醇,EG,EG2401,8.0,3元,3元,3元,4106.0,3284.8,6.0,10,1.0,0.002706067002218975,不是
乙二醇,EG,EG2402,8.0,3元,3元,3元,4124.0,3299.2,6.0,10,1.0,0.002694255846535187,不是
乙二醇,EG,EG2403,8.0,3元,3元,3元,4126.0,3300.8,6.0,10,1.0,0.0026929498572736575,不是
乙二醇,EG,EG2404,8.0,3元,3元,3元,4141.0,3312.8,6.0,10,1.0,0.002683195148783171,不是
乙二醇,EG,EG2405,8.0,3元,3元,3元,4146.0,3316.8,6.0,10,1.0,0.002679959264619178,不是
纤维板,FB,FB2306,20.0,万分之[1],万分之[1],万分之[1],1159.0,2318.0,2.3,10,0.5,0.002054316118164263,不是
纤维板,FB,FB2307,10.0,万分之[1],万分之[1],万分之[1],1196.5,1196.5,2.4,10,0.5,0.0037989590852106525,不是
纤维板,FB,FB2308,10.0,万分之[1],万分之[1],万分之[1],1184.0,1184.0,2.4,10,0.5,0.003839066339066339,不是
纤维板,FB,FB2309,10.0,万分之[1],万分之[1],万分之[1],1265.5,1265.5,2.5,10,0.5,0.0035918250062856936,是
纤维板,FB,FB2310,10.0,万分之[1],万分之[1],万分之[1],1259.5,1259.5,2.5,10,0.5,0.0036089357248547398,不是
纤维板,FB,FB2311,10.0,万分之[1],万分之[1],万分之[1],1236.0,1236.0,2.5,10,0.5,0.003677552221241542,不是
纤维板,FB,FB2312,10.0,万分之[1],万分之[1],万分之[1],1211.0,1211.0,2.4,10,0.5,0.003753471961564447,不是
纤维板,FB,FB2401,10.0,万分之[1],万分之[1],万分之[1],1230.5,1230.5,2.5,10,0.5,0.0036939898784677325,不是
纤维板,FB,FB2402,10.0,万分之[1],万分之[1],万分之[1],1249.0,1249.0,2.5,10,0.5,0.0036392750564087635,不是
纤维板,FB,FB2404,10.0,万分之[1],万分之[1],万分之[1],1167.0,1167.0,2.3,10,0.5,0.003894991041520605,不是
铁矿石,I,I2306,20.0,万分之[1],万分之[1],万分之[1],818.5,16370.0,16.4,100,0.5,0.002908921662739623,不是
铁矿石,I,I2307,13.0,万分之[1],万分之[1],万分之[1],799.0,10387.0,16.0,100,0.5,0.004469873055605221,不是
铁矿石,I,I2308,13.0,万分之[1],万分之[1],万分之[1],771.0,10023.0,15.4,100,0.5,0.0046322030757828415,不是
铁矿石,I,I2309,13.0,万分之[1],万分之[1],万分之[1],743.0,9659.0,14.9,100,0.5,0.004806767929244377,是
铁矿石,I,I2310,13.0,万分之[1],万分之[1],万分之[1],721.0,9373.0,14.4,100,0.5,0.004953437685753913,不是
铁矿石,I,I2311,13.0,万分之[1],万分之[1],万分之[1],706.0,9178.0,14.1,100,0.5,0.005058680696074464,不是
铁矿石,I,I2312,13.0,万分之[1],万分之[1],万分之[1],694.5,9028.5,13.9,100,0.5,0.005142445747197367,不是
铁矿石,I,I2401,13.0,万分之[1],万分之[1],万分之[1],686.5,8924.5,13.7,100,0.5,0.005202372281760482,不是
铁矿石,I,I2402,13.0,万分之[1],万分之[1],万分之[1],677.0,8801.0,13.5,100,0.5,0.005275374551593164,不是
铁矿石,I,I2403,13.0,万分之[1],万分之[1],万分之[1],671.5,8729.5,13.4,100,0.5,0.005318583129454313,不是
铁矿石,I,I2404,13.0,万分之[1],万分之[1],万分之[1],666.5,8664.5,13.3,100,0.5,0.005358482477762298,不是
铁矿石,I,I2405,13.0,万分之[1],万分之[1],万分之[1],660.5,8586.5,13.2,100,0.5,0.005407159078620093,不是
焦炭,J,J2306,20.0,万分之[1.4],万分之[1],万分之[1.4],1886.0,37720.0,52.8,100,0.5,0.0012624349845982933,不是
焦炭,J,J2307,20.0,万分之[1.4],万分之[1],万分之[1.4],2128.0,42560.0,59.6,100,0.5,0.0011188686000716075,不是
焦炭,J,J2308,20.0,万分之[1.4],万分之[1],万分之[1.4],2035.0,40700.0,57.0,100,0.5,0.00117000117000117,不是
焦炭,J,J2309,20.0,万分之[1.4],万分之[1],万分之[1.4],1955.0,39100.0,54.7,100,0.5,0.0012178784557301179,是
焦炭,J,J2310,20.0,万分之[1.4],万分之[1],万分之[1.4],1959.0,39180.0,54.9,100,0.5,0.0012153917207515983,不是
焦炭,J,J2311,20.0,万分之[1.4],万分之[1],万分之[1.4],1956.0,39120.0,54.8,100,0.5,0.0012172558184828125,不是
焦炭,J,J2312,20.0,万分之[1.4],万分之[1],万分之[1.4],1942.0,38840.0,54.4,100,0.5,0.0012260310921484968,不是
焦炭,J,J2401,20.0,万分之[1.4],万分之[1],万分之[1.4],1934.5,38690.0,54.2,100,0.5,0.0012307843788846632,不是
焦炭,J,J2402,20.0,万分之[1.4],万分之[1],万分之[1.4],1911.0,38220.0,53.5,100,0.5,0.001245919613266552,不是
焦炭,J,J2403,20.0,万分之[1.4],万分之[1],万分之[1.4],1922.0,38440.0,53.8,100,0.5,0.0012387889599127894,不是
焦炭,J,J2405,20.0,万分之[1.4],万分之[1],万分之[1.4],1893.5,37870.0,53.0,100,0.5,0.0012574345819658733,不是
鸡蛋,JD,JD2306,20.0,万分之[1.5],万分之[1.5],万分之[1.5],3978.0,7956.0,11.9,10,1.0,0.0011970600205894323,不是
鸡蛋,JD,JD2307,8.0,万分之[1.5],万分之[1.5],万分之[1.5],3961.0,3168.8,11.9,10,1.0,0.002805127773570086,不是
鸡蛋,JD,JD2308,8.0,万分之[1.5],万分之[1.5],万分之[1.5],4355.0,3484.0,13.1,10,1.0,0.0025513458349279245,不是
鸡蛋,JD,JD2309,8.0,万分之[1.5],万分之[1.5],万分之[1.5],4167.0,3333.6,12.5,10,1.0,0.0026664533503986346,是
鸡蛋,JD,JD2310,8.0,万分之[1.5],万分之[1.5],万分之[1.5],3871.0,3096.8,11.6,10,1.0,0.002870346450816614,不是
鸡蛋,JD,JD2311,8.0,万分之[1.5],万分之[1.5],万分之[1.5],3994.0,3195.2,12.0,10,1.0,0.0027819507038335275,不是
鸡蛋,JD,JD2312,8.0,万分之[1.5],万分之[1.5],万分之[1.5],4057.0,3245.6,12.2,10,1.0,0.0027387505819844987,不是
鸡蛋,JD,JD2401,8.0,万分之[1.5],万分之[1.5],万分之[1.5],3951.0,3160.8,11.9,10,1.0,0.002812227565454597,不是
鸡蛋,JD,JD2402,8.0,万分之[1.5],万分之[1.5],万分之[1.5],3489.0,2791.2,10.5,10,1.0,0.0031846119550332794,不是
鸡蛋,JD,JD2403,8.0,万分之[1.5],万分之[1.5],万分之[1.5],3497.0,2797.6,10.5,10,1.0,0.003177326597400947,不是
鸡蛋,JD,JD2404,8.0,万分之[1.5],万分之[1.5],万分之[1.5],3625.0,2900.0,10.9,10,1.0,0.0030651340996168583,不是
鸡蛋,JD,JD2405,8.0,万分之[1.5],万分之[1.5],万分之[1.5],3709.0,2967.2,11.1,10,1.0,0.002995716125939906,不是
焦煤,JM,JM2306,20.0,万分之[3],万分之[1],万分之[3],1223.0,14676.0,44.0,60,0.5,0.0019468130670093058,不是
焦煤,JM,JM2307,20.0,万分之[3],万分之[1],万分之[3],1300.5,15606.0,46.8,60,0.5,0.0018307976785485439,不是
焦煤,JM,JM2308,20.0,万分之[3],万分之[1],万分之[3],1298.5,15582.0,46.7,60,0.5,0.0018336175440526615,不是
焦煤,JM,JM2309,20.0,万分之[3],万分之[1],万分之[3],1258.0,15096.0,45.3,60,0.5,0.001892648951472481,是
焦煤,JM,JM2310,20.0,万分之[3],万分之[1],万分之[3],1319.0,15828.0,47.5,60,0.5,0.0018051193183869453,不是
焦煤,JM,JM2311,20.0,万分之[3],万分之[1],万分之[3],1294.5,15534.0,46.6,60,0.5,0.0018392834151814451,不是
焦煤,JM,JM2312,20.0,万分之[3],万分之[1],万分之[3],1289.0,15468.0,46.4,60,0.5,0.0018471314049281465,不是
焦煤,JM,JM2401,20.0,万分之[3],万分之[1],万分之[3],1239.5,14874.0,44.6,60,0.5,0.001920897443285503,不是
焦煤,JM,JM2402,20.0,万分之[3],万分之[1],万分之[3],1271.5,15258.0,45.8,60,0.5,0.0018725539763683689,不是
焦煤,JM,JM2403,20.0,万分之[3],万分之[1],万分之[3],1302.5,15630.0,46.9,60,0.5,0.0018279864729001008,不是
焦煤,JM,JM2404,20.0,万分之[3],万分之[1],万分之[3],1301.0,15612.0,46.8,60,0.5,0.0018300940668350353,不是
焦煤,JM,JM2405,20.0,万分之[3],万分之[1],万分之[3],1221.0,14652.0,44.0,60,0.5,0.0019500019500019502,不是
聚乙烯,L,L2306,20.0,1元,1元,1元,7750.0,7750.0,2.0,5,1.0,0.0006144393241167435,不是
聚乙烯,L,L2307,7.0,1元,1元,1元,7822.0,2737.7,2.0,5,1.0,0.001598056762976221,不是
聚乙烯,L,L2308,7.0,1元,1元,1元,7798.0,2729.3,2.0,5,1.0,0.001602975121826109,不是
聚乙烯,L,L2309,7.0,1元,1元,1元,7752.0,2713.2,2.0,5,1.0,0.001612487100103199,是
聚乙烯,L,L2310,7.0,1元,1元,1元,7725.0,2703.75,2.0,5,1.0,0.0016181229773462782,不是
聚乙烯,L,L2311,7.0,1元,1元,1元,7709.0,2698.15,2.0,5,1.0,0.0016214813853936956,不是
聚乙烯,L,L2312,7.0,1元,1元,1元,7684.0,2689.4,2.0,5,1.0,0.0016267568974492452,不是
聚乙烯,L,L2401,7.0,1元,1元,1元,7653.0,2678.55,2.0,5,1.0,0.001633346400104534,不是
聚乙烯,L,L2402,7.0,1元,1元,1元,7647.0,2676.45,2.0,5,1.0,0.0016346279586766052,不是
聚乙烯,L,L2403,7.0,1元,1元,1元,7620.0,2667.0,2.0,5,1.0,0.0016404199475065617,不是
聚乙烯,L,L2404,7.0,1元,1元,1元,7621.0,2667.35,2.0,5,1.0,0.0016402046975462538,不是
聚乙烯,L,L2405,7.0,1元,1元,1元,7609.0,2663.15,2.0,5,1.0,0.0016427914311998948,不是
生猪,LH,LH2307,12.0,万分之[2],万分之[1],万分之[2],15180.0,29145.6,97.2,16,5.0,0.002533698185872099,不是
生猪,LH,LH2309,12.0,万分之[2],万分之[1],万分之[2],15970.0,30662.4,102.2,16,5.0,0.002408361832281682,是
生猪,LH,LH2311,12.0,万分之[2],万分之[1],万分之[2],16770.0,32198.4,107.3,16,5.0,0.002293472776478143,不是
生猪,LH,LH2401,12.0,万分之[2],万分之[1],万分之[2],17385.0,33379.2,111.3,16,5.0,0.0022123404349461296,不是
生猪,LH,LH2403,12.0,万分之[2],万分之[1],万分之[2],15770.0,30278.4,100.9,16,5.0,0.002438905419247841,不是
生猪,LH,LH2405,12.0,万分之[2],万分之[1],万分之[2],16500.0,31680.0,105.6,16,5.0,0.002331002331002331,不是
豆粕,M,M2307,7.0,1.5元,1.5元,1.5元,3436.0,2405.2,3.0,10,1.0,0.003637951105937136,不是
豆粕,M,M2308,7.0,1.5元,1.5元,1.5元,3451.0,2415.7,3.0,10,1.0,0.0036221385105766448,不是
豆粕,M,M2309,7.0,1.5元,1.5元,1.5元,3408.0,2385.6,3.0,10,1.0,0.0036678403755868545,是
豆粕,M,M2311,7.0,1.5元,1.5元,1.5元,3402.0,2381.4,3.0,10,1.0,0.0036743092298647854,不是
豆粕,M,M2312,7.0,1.5元,1.5元,1.5元,3387.0,2370.9,3.0,10,1.0,0.003690581635665781,不是
豆粕,M,M2401,7.0,1.5元,1.5元,1.5元,3331.0,2331.7,3.0,10,1.0,0.003752626838787151,不是
豆粕,M,M2403,7.0,1.5元,1.5元,1.5元,3256.0,2279.2,3.0,10,1.0,0.003839066339066339,不是
豆粕,M,M2405,7.0,1.5元,1.5元,1.5元,3103.0,2172.1,3.0,10,1.0,0.004028359651949726,不是
棕榈油,P,P2306,20.0,2.5元,2.5元,2.5元,6990.0,13980.0,5.0,10,2.0,0.0013624906328768992,不是
棕榈油,P,P2307,8.0,2.5元,2.5元,2.5元,6588.0,5270.4,5.0,10,2.0,0.003373136342170951,不是
棕榈油,P,P2308,8.0,2.5元,2.5元,2.5元,6474.0,5179.2,5.0,10,2.0,0.0034325335530154804,不是
棕榈油,P,P2309,8.0,2.5元,2.5元,2.5元,6424.0,5139.2,5.0,10,2.0,0.0034592500345925004,是
棕榈油,P,P2310,8.0,2.5元,2.5元,2.5元,6404.0,5123.2,5.0,10,2.0,0.003470053438822958,不是
棕榈油,P,P2311,8.0,2.5元,2.5元,2.5元,6406.0,5124.8,5.0,10,2.0,0.0034689700627883583,不是
棕榈油,P,P2312,8.0,2.5元,2.5元,2.5元,6420.0,5136.0,5.0,10,2.0,0.003461405330564209,不是
棕榈油,P,P2401,8.0,2.5元,2.5元,2.5元,6416.0,5132.8,5.0,10,2.0,0.0034635633139373785,不是
棕榈油,P,P2402,8.0,2.5元,2.5元,2.5元,6448.0,5158.4,5.0,10,2.0,0.0034463744141163496,不是
棕榈油,P,P2403,8.0,2.5元,2.5元,2.5元,6486.0,5188.8,5.0,10,2.0,0.003426182889642649,不是
棕榈油,P,P2404,8.0,2.5元,2.5元,2.5元,6456.0,5164.8,5.0,10,2.0,0.003442103813851026,不是
棕榈油,P,P2405,8.0,2.5元,2.5元,2.5元,6450.0,5160.0,5.0,10,2.0,0.0034453057708871667,不是
液化石油气,PG,PG2306,20.0,6元,6元,6元,3971.0,15884.0,12.0,20,1.0,0.0011991701742394261,不是
液化石油气,PG,PG2307,8.0,6元,6元,6元,3886.0,6217.6,12.0,20,1.0,0.00285926688397095,是
液化石油气,PG,PG2308,8.0,6元,6元,6元,3796.0,6073.6,12.0,20,1.0,0.002927057721578269,不是
液化石油气,PG,PG2309,8.0,6元,6元,6元,3702.0,5923.2,12.0,20,1.0,0.003001380635092142,不是
液化石油气,PG,PG2310,8.0,6元,6元,6元,4232.0,6771.2,12.0,20,1.0,0.002625498844780508,不是
液化石油气,PG,PG2311,8.0,6元,6元,6元,4135.0,6616.0,12.0,20,1.0,0.002687088539567379,不是
液化石油气,PG,PG2312,8.0,6元,6元,6元,4052.0,6483.2,12.0,20,1.0,0.0027421300866513104,不是
液化石油气,PG,PG2401,8.0,6元,6元,6元,3931.0,6289.6,12.0,20,1.0,0.0028265355154187513,不是
液化石油气,PG,PG2402,8.0,6元,6元,6元,3882.0,6211.2,12.0,20,1.0,0.0028622130631404206,不是
液化石油气,PG,PG2403,8.0,6元,6元,6元,3793.0,6068.8,12.0,20,1.0,0.0029293728212789645,不是
液化石油气,PG,PG2404,8.0,6元,6元,6元,4119.0,6590.4,12.0,20,1.0,0.00269752636832025,不是
液化石油气,PG,PG2405,8.0,6元,6元,6元,3850.0,6160.0,12.0,20,1.0,0.002886002886002886,不是
聚丙烯,PP,PP2306,20.0,1元,1元,1元,6989.0,6989.0,2.0,5,1.0,0.0006813427903712637,不是
聚丙烯,PP,PP2307,7.0,1元,1元,1元,7004.0,2451.4,2.0,5,1.0,0.0017846944603083952,不是
聚丙烯,PP,PP2308,7.0,1元,1元,1元,6978.0,2442.3,2.0,5,1.0,0.0017913442247062196,不是
聚丙烯,PP,PP2309,7.0,1元,1元,1元,6962.0,2436.7,2.0,5,1.0,0.001795461074403907,是
聚丙烯,PP,PP2310,7.0,1元,1元,1元,6949.0,2432.15,2.0,5,1.0,0.0017988199740969924,不是
聚丙烯,PP,PP2311,7.0,1元,1元,1元,6940.0,2429.0,2.0,5,1.0,0.0018011527377521615,不是
聚丙烯,PP,PP2312,7.0,1元,1元,1元,6925.0,2423.75,2.0,5,1.0,0.0018050541516245488,不是
聚丙烯,PP,PP2401,7.0,1元,1元,1元,6906.0,2417.1,2.0,5,1.0,0.001810020272227049,不是
聚丙烯,PP,PP2402,7.0,1元,1元,1元,6891.0,2411.85,2.0,5,1.0,0.0018139602379915833,不是
聚丙烯,PP,PP2403,7.0,1元,1元,1元,6890.0,2411.5,2.0,5,1.0,0.0018142235123367197,不是
聚丙烯,PP,PP2404,7.0,1元,1元,1元,6942.0,2429.7,2.0,5,1.0,0.0018006338231057331,不是
聚丙烯,PP,PP2405,7.0,1元,1元,1元,6943.0,2430.05,2.0,5,1.0,0.0018003744778914013,不是
粳米,RR,RR2306,20.0,1元,1元,1元,3365.0,6730.0,2.0,10,1.0,0.0014151277152763036,不是
粳米,RR,RR2307,6.0,1元,1元,1元,3444.0,2066.4,2.0,10,1.0,0.004148000663680106,是
粳米,RR,RR2308,6.0,1元,1元,1元,3477.0,2086.2,2.0,10,1.0,0.004108632236328526,不是
粳米,RR,RR2309,6.0,1元,1元,1元,3506.0,2103.6,2.0,10,1.0,0.0040746475429875315,不是
粳米,RR,RR2310,6.0,1元,1元,1元,3521.0,2112.6,2.0,10,1.0,0.00405728891954396,不是
粳米,RR,RR2311,6.0,1元,1元,1元,3533.0,2119.8,2.0,10,1.0,0.004043508147668917,不是
粳米,RR,RR2312,6.0,1元,1元,1元,3555.0,2133.0,2.0,10,1.0,0.004018485031143259,不是
粳米,RR,RR2401,6.0,1元,1元,1元,3536.0,2121.6,2.0,10,1.0,0.004040077569489335,不是
粳米,RR,RR2402,6.0,1元,1元,1元,3560.0,2136.0,2.0,10,1.0,0.004012841091492777,不是
粳米,RR,RR2403,6.0,1元,1元,1元,3567.0,2140.2,2.0,10,1.0,0.004004966158035964,不是
粳米,RR,RR2404,6.0,1元,1元,1元,3584.0,2150.4,2.0,10,1.0,0.003985969387755102,不是
粳米,RR,RR2405,6.0,1元,1元,1元,3582.0,2149.2,2.0,10,1.0,0.003988194942968813,不是
聚氯乙烯,V,V2306,20.0,1元,1元,1元,5754.0,5754.0,2.0,5,1.0,0.0008275816409288777,不是
聚氯乙烯,V,V2307,7.0,1元,1元,1元,5742.0,2009.7,2.0,5,1.0,0.002176941832114246,不是
聚氯乙烯,V,V2308,7.0,1元,1元,1元,5775.0,2021.25,2.0,5,1.0,0.0021645021645021645,不是
聚氯乙烯,V,V2309,7.0,1元,1元,1元,5781.0,2023.35,2.0,5,1.0,0.0021622556651098427,是
聚氯乙烯,V,V2310,7.0,1元,1元,1元,5776.0,2021.6,2.0,5,1.0,0.002164127423822715,不是
聚氯乙烯,V,V2311,7.0,1元,1元,1元,5779.0,2022.65,2.0,5,1.0,0.002163003979927323,不是
聚氯乙烯,V,V2312,7.0,1元,1元,1元,5772.0,2020.2,2.0,5,1.0,0.0021656271656271655,不是
聚氯乙烯,V,V2401,7.0,1元,1元,1元,5775.0,2021.25,2.0,5,1.0,0.0021645021645021645,不是
聚氯乙烯,V,V2402,7.0,1元,1元,1元,5768.0,2018.8,2.0,5,1.0,0.002167128987517337,不是
聚氯乙烯,V,V2403,7.0,1元,1元,1元,5810.0,2033.5,2.0,5,1.0,0.002151462994836489,不是
聚氯乙烯,V,V2404,7.0,1元,1元,1元,5860.0,2051.0,2.0,5,1.0,0.0021331058020477816,不是
聚氯乙烯,V,V2405,7.0,1元,1元,1元,5810.0,2033.5,2.0,5,1.0,0.002151462994836489,不是
豆油,Y,Y2307,7.0,2.5元,2.5元,2.5元,7040.0,4928.0,5.0,10,2.0,0.0035511363636363635,不是
豆油,Y,Y2308,7.0,2.5元,2.5元,2.5元,7002.0,4901.4,5.0,10,2.0,0.003570408454727221,不是
豆油,Y,Y2309,7.0,2.5元,2.5元,2.5元,6934.0,4853.8,5.0,10,2.0,0.003605422555523507,是
豆油,Y,Y2311,7.0,2.5元,2.5元,2.5元,6914.0,4839.8,5.0,10,2.0,0.0036158518947063925,不是
豆油,Y,Y2312,7.0,2.5元,2.5元,2.5元,6954.0,4867.8,5.0,10,2.0,0.0035950532067874604,不是
豆油,Y,Y2401,7.0,2.5元,2.5元,2.5元,6908.0,4835.6,5.0,10,2.0,0.003618992472495657,不是
豆油,Y,Y2403,7.0,2.5元,2.5元,2.5元,6866.0,4806.2,5.0,10,2.0,0.0036411302068161955,不是
豆油,Y,Y2405,7.0,2.5元,2.5元,2.5元,6790.0,4753.0,5.0,10,2.0,0.003681885125184094,不是
苹果,AP,AP2310,10.0,5元,5元,20元,8658.0,8658.0,25.0,10,1.0,0.00105000105000105,是
苹果,AP,AP2311,10.0,5元,5元,20元,8477.0,8477.0,25.0,10,1.0,0.001072420560446985,不是
苹果,AP,AP2312,10.0,5元,5元,20元,8517.0,8517.0,25.0,10,1.0,0.0010673839486801796,不是
苹果,AP,AP2401,10.0,5元,5元,20元,8583.0,8583.0,25.0,10,1.0,0.0010591761727728173,不是
苹果,AP,AP2403,10.0,5元,5元,20元,8571.0,8571.0,25.0,10,1.0,0.0010606590935607386,不是
苹果,AP,AP2404,10.0,5元,5元,20元,8646.0,8646.0,25.0,10,1.0,0.0010514583727630224,不是
苹果,AP,AP2405,10.0,5元,5元,20元,8764.0,8764.0,25.0,10,1.0,0.0010373013567901747,不是
棉花,CF,CF2307,7.0,4.3元,4.3元,0元,16190.0,5666.5,4.3,5,5.0,0.0038604076590487957,不是
棉花,CF,CF2309,7.0,4.3元,4.3元,0元,16375.0,5731.25,4.3,5,5.0,0.0038167938931297713,是
棉花,CF,CF2311,7.0,4.3元,4.3元,0元,16370.0,5729.5,4.3,5,5.0,0.0038179596823457547,不是
棉花,CF,CF2401,7.0,4.3元,4.3元,0元,16390.0,5736.5,4.3,5,5.0,0.003813300793166565,不是
棉花,CF,CF2403,7.0,4.3元,4.3元,0元,16270.0,5694.5,4.3,5,5.0,0.003841425937307928,不是
棉花,CF,CF2405,7.0,4.3元,4.3元,0元,16170.0,5659.5,4.3,5,5.0,0.003865182436611008,不是
红枣,CJ,CJ2307,12.0,3元,3元,3元,9885.0,5931.0,6.0,5,5.0,0.00389089918680207,不是
红枣,CJ,CJ2309,12.0,3元,3元,3元,10085.0,6051.0,6.0,5,5.0,0.0038137370809656376,是
红枣,CJ,CJ2312,12.0,3元,3元,3元,11615.0,6969.0,6.0,5,5.0,0.003311367926090268,不是
红枣,CJ,CJ2401,12.0,3元,3元,3元,11710.0,7026.0,6.0,5,5.0,0.003284503711489194,不是
红枣,CJ,CJ2403,12.0,3元,3元,3元,11770.0,7062.0,6.0,5,5.0,0.0032677602771060714,不是
红枣,CJ,CJ2405,12.0,3元,3元,3元,11985.0,7191.0,6.0,5,5.0,0.0032091396296652867,不是
棉纱,CY,CY2306,20.0,4元,4元,0元,24340.0,24340.0,4.0,5,5.0,0.0009782055796846265,不是
棉纱,CY,CY2307,7.0,4元,4元,0元,22610.0,7913.5,4.0,5,5.0,0.002764263600176913,不是
棉纱,CY,CY2308,7.0,4元,4元,0元,22890.0,8011.5,4.0,5,5.0,0.0027304499781564003,不是
棉纱,CY,CY2309,7.0,4元,4元,0元,23255.0,8139.25,4.0,5,5.0,0.0026875940657923028,是
棉纱,CY,CY2310,7.0,4元,4元,0元,22615.0,7915.25,4.0,5,5.0,0.0027636524430687598,不是
棉纱,CY,CY2311,7.0,4元,4元,0元,22830.0,7990.5,4.0,5,5.0,0.0027376259307928166,不是
棉纱,CY,CY2312,7.0,4元,4元,0元,22740.0,7959.0,4.0,5,5.0,0.0027484608619173265,不是
棉纱,CY,CY2401,7.0,4元,4元,0元,23300.0,8155.0,4.0,5,5.0,0.002682403433476395,不是
棉纱,CY,CY2402,7.0,4元,4元,0元,23045.0,8065.75,4.0,5,5.0,0.002712085050987199,不是
棉纱,CY,CY2405,7.0,4元,4元,0元,23305.0,8156.75,4.0,5,5.0,0.0026818279339197596,不是
玻璃,FG,FG2306,20.0,6元,6元,6元,1725.0,6900.0,12.0,20,1.0,0.0027605244996549345,不是
玻璃,FG,FG2307,9.0,6元,6元,6元,1594.0,2869.2,12.0,20,1.0,0.006273525721455457,不是
玻璃,FG,FG2308,9.0,6元,6元,6元,1550.0,2790.0,12.0,20,1.0,0.0064516129032258064,不是
玻璃,FG,FG2309,12.0,6元,6元,6元,1500.0,3600.0,12.0,20,1.0,0.005128205128205128,是
玻璃,FG,FG2310,13.0,6元,6元,6元,1471.0,3824.6,12.0,20,1.0,0.004855783237836263,不是
玻璃,FG,FG2311,9.0,6元,6元,6元,1430.0,2574.0,12.0,20,1.0,0.006993006993006994,不是
玻璃,FG,FG2312,9.0,6元,6元,6元,1400.0,2520.0,12.0,20,1.0,0.007142857142857143,不是
玻璃,FG,FG2401,12.0,6元,6元,6元,1369.0,3285.6,12.0,20,1.0,0.005618924537843457,不是
玻璃,FG,FG2402,9.0,6元,6元,6元,1372.0,2469.6,12.0,20,1.0,0.00728862973760933,不是
玻璃,FG,FG2403,9.0,6元,6元,6元,1354.0,2437.2,12.0,20,1.0,0.007385524372230429,不是
玻璃,FG,FG2404,9.0,6元,6元,6元,1379.0,2482.2,12.0,20,1.0,0.00725163161711385,不是
玻璃,FG,FG2405,9.0,6元,6元,6元,1357.0,2442.6,12.0,20,1.0,0.007369196757553427,不是
甲醇,MA,MA2306,20.0,2元,2元,6元,2089.0,4178.0,8.0,10,1.0,0.0022795140076135767,不是
甲醇,MA,MA2307,8.0,2元,2元,6元,2068.0,1654.4,8.0,10,1.0,0.005372877713303245,不是
甲醇,MA,MA2308,8.0,2元,2元,6元,2065.0,1652.0,8.0,10,1.0,0.0053806833467850415,不是
甲醇,MA,MA2309,10.0,2元,2元,6元,2054.0,2054.0,8.0,10,1.0,0.004425953793042401,是
甲醇,MA,MA2310,8.0,2元,2元,6元,2070.0,1656.0,8.0,10,1.0,0.0053676865271068165,不是
甲醇,MA,MA2311,8.0,2元,2元,6元,2070.0,1656.0,8.0,10,1.0,0.0053676865271068165,不是
甲醇,MA,MA2312,8.0,2元,2元,6元,2113.0,1690.4,8.0,10,1.0,0.005258452963138245,不是
甲醇,MA,MA2401,10.0,2元,2元,6元,2120.0,2120.0,8.0,10,1.0,0.004288164665523156,不是
甲醇,MA,MA2402,8.0,2元,2元,6元,2122.0,1697.6,8.0,10,1.0,0.005236150382238978,不是
甲醇,MA,MA2403,8.0,2元,2元,6元,2105.0,1684.0,8.0,10,1.0,0.005278437582475587,不是
甲醇,MA,MA2404,8.0,2元,2元,6元,2099.0,1679.2,8.0,10,1.0,0.005293526017680377,不是
甲醇,MA,MA2405,8.0,2元,2元,6元,2070.0,1656.0,8.0,10,1.0,0.0053676865271068165,不是
菜籽油,OI,OI2307,9.0,2元,2元,2元,7719.0,6947.1,4.0,10,1.0,0.0012955045990413266,不是
菜籽油,OI,OI2309,9.0,2元,2元,2元,7635.0,6871.5,4.0,10,1.0,0.0013097576948264572,是
菜籽油,OI,OI2311,9.0,2元,2元,2元,7618.0,6856.2,4.0,10,1.0,0.0013126804935678657,不是
菜籽油,OI,OI2401,9.0,2元,2元,2元,7595.0,6835.5,4.0,10,1.0,0.0013166556945358788,不是
菜籽油,OI,OI2403,9.0,2元,2元,2元,7578.0,6820.2,4.0,10,1.0,0.0013196093956188968,不是
菜籽油,OI,OI2405,9.0,2元,2元,2元,7564.0,6807.6,4.0,10,1.0,0.0013220518244315177,不是
短纤,PF,PF2306,20.0,3元,3元,3元,7400.0,7400.0,6.0,5,2.0,0.0012870012870012872,不是
短纤,PF,PF2307,8.0,3元,3元,3元,7196.0,2878.4,6.0,5,2.0,0.003088135383855228,不是
短纤,PF,PF2308,8.0,3元,3元,3元,7120.0,2848.0,6.0,5,2.0,0.0031210986267166045,是
短纤,PF,PF2309,8.0,3元,3元,3元,7048.0,2819.2,6.0,5,2.0,0.003152982721654685,不是
短纤,PF,PF2310,8.0,3元,3元,3元,7038.0,2815.2,6.0,5,2.0,0.00315746266300401,不是
短纤,PF,PF2311,8.0,3元,3元,3元,7006.0,2802.4,6.0,5,2.0,0.0031718844165318618,不是
短纤,PF,PF2312,8.0,3元,3元,3元,6982.0,2792.8,6.0,5,2.0,0.003182787485279608,不是
短纤,PF,PF2401,8.0,3元,3元,3元,6958.0,2783.2,6.0,5,2.0,0.0031937657692184852,不是
短纤,PF,PF2402,8.0,3元,3元,3元,6998.0,2799.2,6.0,5,2.0,0.003175510463306977,不是
短纤,PF,PF2403,8.0,3元,3元,3元,6948.0,2779.2,6.0,5,2.0,0.0031983624384315235,不是
短纤,PF,PF2404,8.0,3元,3元,3元,6942.0,2776.8,6.0,5,2.0,0.0032011267966324144,不是
短纤,PF,PF2405,8.0,3元,3元,3元,6904.0,2761.6,6.0,5,2.0,0.003218745976567529,不是
花生,PK,PK2310,8.0,4元,4元,4元,10148.0,4059.2,8.0,5,2.0,0.0021898129899706564,不是
花生,PK,PK2311,8.0,4元,4元,4元,9624.0,3849.6,8.0,5,2.0,0.002309042209291586,是
花生,PK,PK2312,8.0,4元,4元,4元,9532.0,3812.8,8.0,5,2.0,0.0023313283909171447,不是
花生,PK,PK2401,8.0,4元,4元,4元,9518.0,3807.2,8.0,5,2.0,0.0023347575354299454,不是
花生,PK,PK2403,8.0,4元,4元,4元,9332.0,3732.8,8.0,5,2.0,0.00238129256560461,不是
花生,PK,PK2404,8.0,4元,4元,4元,9310.0,3724.0,8.0,5,2.0,0.002386919680152763,不是
菜籽粕,RM,RM2307,9.0,1.5元,1.5元,1.5元,3078.0,2770.2,3.0,10,1.0,0.003248862897985705,不是
菜籽粕,RM,RM2308,9.0,1.5元,1.5元,1.5元,3046.0,2741.4,3.0,10,1.0,0.0032829940906106366,不是
菜籽粕,RM,RM2309,9.0,1.5元,1.5元,1.5元,2921.0,2628.9,3.0,10,1.0,0.0034234851078397805,是
菜籽粕,RM,RM2311,9.0,1.5元,1.5元,1.5元,2720.0,2448.0,3.0,10,1.0,0.003676470588235294,不是
菜籽粕,RM,RM2401,9.0,1.5元,1.5元,1.5元,2611.0,2349.9,3.0,10,1.0,0.0038299502106472613,不是
菜籽粕,RM,RM2403,9.0,1.5元,1.5元,1.5元,2576.0,2318.4,3.0,10,1.0,0.003881987577639751,不是
菜籽粕,RM,RM2405,9.0,1.5元,1.5元,1.5元,2586.0,2327.4,3.0,10,1.0,0.0038669760247486465,不是
油菜籽,RS,RS2307,20.0,2元,2元,2元,5650.0,11300.0,4.0,10,1.0,0.0008428150021070375,不是
油菜籽,RS,RS2308,20.0,2元,2元,2元,5615.0,11230.0,4.0,10,1.0,0.0008480685239367341,不是
油菜籽,RS,RS2309,20.0,2元,2元,2元,5686.0,11372.0,4.0,10,1.0,0.0008374788536589451,是
油菜籽,RS,RS2311,20.0,2元,2元,2元,5673.0,11346.0,4.0,10,1.0,0.000839397983766043,不是
纯碱,SA,SA2306,20.0,3.5元,3.5元,0元,1911.0,7644.0,3.5,20,1.0,0.002491839226533104,不是
纯碱,SA,SA2307,9.0,3.5元,3.5元,0元,1893.0,3407.4,3.5,20,1.0,0.005282620179609086,不是
纯碱,SA,SA2308,9.0,3.5元,3.5元,0元,1796.0,3232.8,3.5,20,1.0,0.005567928730512249,不是
纯碱,SA,SA2309,12.0,7元,7元,7元,1691.0,4058.4,14.0,20,1.0,0.004548969658372379,是
纯碱,SA,SA2310,9.0,3.5元,3.5元,0元,1560.0,2808.0,3.5,20,1.0,0.00641025641025641,不是
纯碱,SA,SA2311,9.0,3.5元,3.5元,0元,1482.0,2667.6,3.5,20,1.0,0.0067476383265856945,不是
纯碱,SA,SA2312,9.0,3.5元,3.5元,0元,1456.0,2620.8,3.5,20,1.0,0.006868131868131869,不是
纯碱,SA,SA2401,12.0,7元,7元,7元,1437.0,3448.8,14.0,20,1.0,0.005353032492907232,不是
纯碱,SA,SA2402,9.0,3.5元,3.5元,0元,1435.0,2583.0,3.5,20,1.0,0.006968641114982578,不是
纯碱,SA,SA2403,9.0,3.5元,3.5元,0元,1416.0,2548.8,3.5,20,1.0,0.007062146892655367,不是
纯碱,SA,SA2404,9.0,3.5元,3.5元,0元,1425.0,2565.0,3.5,20,1.0,0.007017543859649122,不是
纯碱,SA,SA2405,9.0,3.5元,3.5元,0元,1407.0,2532.6,3.5,20,1.0,0.007107320540156362,不是
硅铁,SF,SF2306,20.0,3元,3元,0元,6828.0,6828.0,3.0,5,2.0,0.0013948168605462104,不是
硅铁,SF,SF2307,12.0,3元,3元,0元,7258.0,4354.8,3.0,5,2.0,0.0021196769612311086,是
硅铁,SF,SF2308,12.0,3元,3元,0元,7112.0,4267.2,3.0,5,2.0,0.0021631911395690925,不是
硅铁,SF,SF2309,12.0,3元,3元,0元,6992.0,4195.2,3.0,5,2.0,0.0022003168456257703,不是
硅铁,SF,SF2310,12.0,3元,3元,0元,6852.0,4111.2,3.0,5,2.0,0.0022452736988638916,不是
硅铁,SF,SF2311,12.0,3元,3元,0元,6978.0,4186.8,3.0,5,2.0,0.002204731353484578,不是
硅铁,SF,SF2312,12.0,3元,3元,0元,6892.0,4135.2,3.0,5,2.0,0.002232242510826376,不是
硅铁,SF,SF2401,12.0,3元,3元,0元,6874.0,4124.4,3.0,5,2.0,0.0022380877778026454,不是
硅铁,SF,SF2402,12.0,3元,3元,0元,6788.0,4072.8,3.0,5,2.0,0.002266443044286297,不是
硅铁,SF,SF2403,12.0,3元,3元,0元,6860.0,4116.0,3.0,5,2.0,0.0022426553038797934,不是
硅铁,SF,SF2404,12.0,3元,3元,0元,6824.0,4094.4,3.0,5,2.0,0.0022544864279917033,不是
硅铁,SF,SF2405,12.0,3元,3元,0元,6828.0,4096.8,3.0,5,2.0,0.0022531656978054164,不是
锰硅,SM,SM2306,20.0,3元,3元,0元,6762.0,6762.0,3.0,5,2.0,0.0014084308671708848,不是
锰硅,SM,SM2307,12.0,3元,3元,0元,6744.0,4046.4,3.0,5,2.0,0.002281230039237157,不是
锰硅,SM,SM2308,12.0,3元,3元,0元,6674.0,4004.4,3.0,5,2.0,0.002305156635393375,不是
锰硅,SM,SM2309,12.0,3元,3元,0元,6608.0,3964.8,3.0,5,2.0,0.0023281802942819894,是
锰硅,SM,SM2310,12.0,3元,3元,0元,6528.0,3916.8,3.0,5,2.0,0.002356711915535445,不是
锰硅,SM,SM2311,12.0,3元,3元,0元,6578.0,3946.8,3.0,5,2.0,0.002338798325420399,不是
锰硅,SM,SM2312,12.0,3元,3元,0元,6502.0,3901.2,3.0,5,2.0,0.0023661358635212837,不是
锰硅,SM,SM2401,12.0,3元,3元,0元,6508.0,3904.8,3.0,5,2.0,0.002363954422958725,不是
锰硅,SM,SM2402,12.0,3元,3元,0元,6452.0,3871.2,3.0,5,2.0,0.002384472316276408,不是
锰硅,SM,SM2403,12.0,3元,3元,0元,6428.0,3856.8,3.0,5,2.0,0.0023933751376190703,不是
锰硅,SM,SM2404,12.0,3元,3元,0元,6434.0,3860.4,3.0,5,2.0,0.002391143205566581,不是
锰硅,SM,SM2405,12.0,3元,3元,0元,6438.0,3862.8,3.0,5,2.0,0.002389657562071355,不是
白糖,SR,SR2307,9.0,3元,3元,0元,6889.0,6200.1,3.0,10,1.0,0.0014515894904920889,不是
白糖,SR,SR2309,12.0,3元,3元,0元,6761.0,8113.2,3.0,10,1.0,0.0011377470333246106,是
白糖,SR,SR2311,10.0,3元,3元,0元,6622.0,6622.0,3.0,10,1.0,0.0013728343538068697,不是
白糖,SR,SR2401,7.0,3元,3元,0元,6528.0,4569.6,3.0,10,1.0,0.001914828431372549,不是
白糖,SR,SR2403,7.0,3元,3元,0元,6395.0,4476.5,3.0,10,1.0,0.001954652071931196,不是
白糖,SR,SR2405,7.0,3元,3元,0元,6343.0,4440.1,3.0,10,1.0,0.001970676336118556,不是
PTA,TA,TA2306,20.0,3元,3元,0元,5682.0,5682.0,3.0,5,2.0,0.0016761368398116021,不是
PTA,TA,TA2307,7.0,3元,3元,0元,5652.0,1978.2,3.0,5,2.0,0.004423213021939137,不是
PTA,TA,TA2308,7.0,3元,3元,0元,5604.0,1961.4,3.0,5,2.0,0.004461099214846539,不是
PTA,TA,TA2309,7.0,3元,3元,0元,5530.0,1935.5,3.0,5,2.0,0.0045207956600361665,是
PTA,TA,TA2310,7.0,3元,3元,0元,5444.0,1905.4,3.0,5,2.0,0.004592211609110947,不是
PTA,TA,TA2311,7.0,3元,3元,0元,5450.0,1907.5,3.0,5,2.0,0.0045871559633027525,不是
PTA,TA,TA2312,7.0,3元,3元,0元,5432.0,1901.2,3.0,5,2.0,0.004602356406480118,不是
PTA,TA,TA2401,7.0,3元,3元,0元,5366.0,1878.1,3.0,5,2.0,0.004658963846440552,不是
PTA,TA,TA2402,7.0,3元,3元,0元,5358.0,1875.3,3.0,5,2.0,0.004665920119447555,不是
PTA,TA,TA2403,7.0,3元,3元,0元,5326.0,1864.1,3.0,5,2.0,0.004693954187007135,不是
PTA,TA,TA2404,7.0,3元,3元,0元,5308.0,1857.8,3.0,5,2.0,0.004709871891484552,不是
PTA,TA,TA2405,7.0,3元,3元,0元,5306.0,1857.1,3.0,5,2.0,0.004711647191858273,不是
尿素,UR,UR2306,20.0,5元,5元,5元,2016.0,8064.0,10.0,20,1.0,0.0023620559334845046,不是
尿素,UR,UR2307,8.0,5元,5元,5元,1914.0,3062.4,10.0,20,1.0,0.005805178218971323,不是
尿素,UR,UR2308,8.0,5元,5元,5元,1796.0,2873.6,10.0,20,1.0,0.006186587478346943,不是
尿素,UR,UR2309,8.0,5元,5元,5元,1756.0,2809.6,10.0,20,1.0,0.006327512022272842,是
尿素,UR,UR2310,8.0,5元,5元,5元,1710.0,2736.0,10.0,20,1.0,0.0064977257959714105,不是
尿素,UR,UR2311,8.0,5元,5元,5元,1742.0,2787.2,10.0,20,1.0,0.006378364587319812,不是
尿素,UR,UR2312,8.0,5元,5元,5元,1722.0,2755.2,10.0,20,1.0,0.006452445476835721,不是
尿素,UR,UR2401,8.0,5元,5元,5元,1716.0,2745.6,10.0,20,1.0,0.006475006475006474,不是
尿素,UR,UR2402,8.0,5元,5元,5元,1704.0,2726.4,10.0,20,1.0,0.006520605112154408,不是
尿素,UR,UR2403,8.0,5元,5元,5元,1741.0,2785.6,10.0,20,1.0,0.006382028208564682,不是
尿素,UR,UR2404,8.0,5元,5元,5元,1735.0,2776.0,10.0,20,1.0,0.006404098623118797,不是
尿素,UR,UR2405,8.0,5元,5元,5元,1708.0,2732.8,10.0,20,1.0,0.006505334374186833,不是
动力煤,ZC,ZC2306,50.0,150元,150元,150元,801.4,40070.0,300.0,100,0.2,0.0004893397338970527,不是
动力煤,ZC,ZC2307,50.0,150元,150元,150元,801.4,40070.0,300.0,100,0.2,0.0004893397338970527,不是
国际铜,BC,BC2306,15.0,万分之[0.1],万分之[0.1],0,58460.0,43845.0,2.9,5,10.0,0.0010691070817653095,不是
国际铜,BC,BC2307,10.0,万分之[0.1],万分之[0.1],0,58520.0,29260.0,2.9,5,10.0,0.0015534704529919841,不是
国际铜,BC,BC2308,9.0,万分之[0.1],万分之[0.1],0,58380.0,26271.0,2.9,5,10.0,0.00171291538198013,是
国际铜,BC,BC2309,9.0,万分之[0.1],万分之[0.1],0,58290.0,26230.5,2.9,5,10.0,0.0017155601303825696,不是
国际铜,BC,BC2310,9.0,万分之[0.1],万分之[0.1],0,58120.0,26154.0,2.9,5,10.0,0.0017205781142463866,不是
国际铜,BC,BC2311,9.0,万分之[0.1],万分之[0.1],0,58300.0,26235.0,2.9,5,10.0,0.0017152658662092622,不是
国际铜,BC,BC2312,9.0,万分之[0.1],万分之[0.1],0,57680.0,25956.0,2.9,5,10.0,0.0017337031900138695,不是
国际铜,BC,BC2401,9.0,万分之[0.1],万分之[0.1],0,57360.0,25812.0,2.9,5,10.0,0.0017433751743375174,不是
国际铜,BC,BC2403,9.0,万分之[0.1],万分之[0.1],0,57650.0,25942.5,2.9,5,10.0,0.0017346053772766695,不是
低硫燃料油,LU,LU2307,12.0,万分之[0.1],万分之[0.1],万分之[0.1],3906.0,4687.2,0.8,10,1.0,0.0019693568080664855,不是
低硫燃料油,LU,LU2308,12.0,万分之[0.1],万分之[0.1],万分之[0.1],3826.0,4591.2,0.8,10,1.0,0.00201053520447143,不是
低硫燃料油,LU,LU2309,12.0,万分之[0.1],万分之[0.1],万分之[0.1],3792.0,4550.4,0.8,10,1.0,0.0020285621551444336,是
低硫燃料油,LU,LU2310,12.0,万分之[0.1],万分之[0.1],万分之[0.1],3735.0,4482.0,0.7,10,1.0,0.0020595201318092883,不是
低硫燃料油,LU,LU2311,12.0,万分之[0.1],万分之[0.1],万分之[0.1],3697.0,4436.4,0.7,10,1.0,0.0020806891242379473,不是
低硫燃料油,LU,LU2312,12.0,万分之[0.1],万分之[0.1],万分之[0.1],3698.0,4437.6,0.7,10,1.0,0.002080126471689479,不是
低硫燃料油,LU,LU2401,12.0,万分之[0.1],万分之[0.1],万分之[0.1],3632.0,4358.4,0.7,10,1.0,0.0021179261267366997,不是
低硫燃料油,LU,LU2402,12.0,万分之[0.1],万分之[0.1],万分之[0.1],3601.0,4321.2,0.7,10,1.0,0.0021361587593189926,不是
低硫燃料油,LU,LU2403,12.0,万分之[0.1],万分之[0.1],万分之[0.1],3541.0,4249.2,0.7,10,1.0,0.0021723546151673797,不是
低硫燃料油,LU,LU2404,12.0,万分之[0.1],万分之[0.1],万分之[0.1],3467.0,4160.4,0.7,10,1.0,0.0022187215726298505,不是
低硫燃料油,LU,LU2405,12.0,万分之[0.1],万分之[0.1],万分之[0.1],3529.0,4234.8,0.7,10,1.0,0.0021797414826601564,不是
20号胶,NR,NR2306,15.0,万分之[0.2],万分之[0.2],0,9570.0,14355.0,1.9,10,5.0,0.003265412748171369,不是
20号胶,NR,NR2307,10.0,万分之[0.2],万分之[0.2],0,9640.0,9640.0,1.9,10,5.0,0.004715201810637496,不是
20号胶,NR,NR2308,10.0,万分之[0.2],万分之[0.2],0,9570.0,9570.0,1.9,10,5.0,0.004749691270067446,是
20号胶,NR,NR2309,10.0,万分之[0.2],万分之[0.2],0,9560.0,9560.0,1.9,10,5.0,0.004754659566375047,不是
20号胶,NR,NR2310,10.0,万分之[0.2],万分之[0.2],0,9610.0,9610.0,1.9,10,5.0,0.004729921483303378,不是
20号胶,NR,NR2311,10.0,万分之[0.2],万分之[0.2],0,9575.0,9575.0,1.9,10,5.0,0.004747211013529551,不是
20号胶,NR,NR2312,10.0,万分之[0.2],万分之[0.2],0,9600.0,9600.0,1.9,10,5.0,0.004734848484848485,不是
20号胶,NR,NR2401,10.0,万分之[0.2],万分之[0.2],0,9710.0,9710.0,1.9,10,5.0,0.004681209624566988,不是
20号胶,NR,NR2405,10.0,万分之[0.2],万分之[0.2],0,10195.0,10195.0,2.0,10,5.0,0.004458513531588568,不是
原油,SC,SC2309,15.0,20元,20元,0元,509.9,76485.0,20.0,1000,0.1,0.001225730535399098,不是
原油,SC,SC2312,15.0,20元,20元,0元,514.3,77145.0,20.0,1000,0.1,0.001215244020999417,不是
原油,SC,SC2403,15.0,20元,20元,0元,509.5,76425.0,20.0,1000,0.1,0.0012266928361138372,不是
原油,SC,SC2406,15.0,20元,20元,0元,507.4,76110.0,20.0,1000,0.1,0.0012317698068584945,不是
原油,SC,SC2409,15.0,20元,20元,0元,502.8,75420.0,20.0,1000,0.1,0.0012430389817024662,不是
原油,SC,SC2412,15.0,20元,20元,0元,500.5,75075.0,20.0,1000,0.1,0.0012487512487512488,不是
原油,SC,SC2503,15.0,20元,20元,0元,499.0,74850.0,20.0,1000,0.1,0.00125250501002004,不是
原油,SC,SC2506,15.0,20元,20元,0元,498.0,74700.0,20.0,1000,0.1,0.0012550200803212851,不是
原油,SC,SC2307,15.0,20元,20元,0元,509.4,76410.0,20.0,1000,0.1,0.0012269336474283472,是
原油,SC,SC2308,15.0,20元,20元,0元,510.2,76530.0,20.0,1000,0.1,0.0012250098000784009,不是
原油,SC,SC2509,15.0,20元,20元,0元,494.1,74115.0,20.0,1000,0.1,0.0012649261283141065,不是
原油,SC,SC2310,15.0,20元,20元,0元,509.6,76440.0,20.0,1000,0.1,0.0012264521193092622,不是
原油,SC,SC2311,15.0,20元,20元,0元,512.8,76920.0,20.0,1000,0.1,0.0012187987519500783,不是
原油,SC,SC2512,15.0,20元,20元,0元,497.0,74550.0,20.0,1000,0.1,0.0012575452716297789,不是
原油,SC,SC2401,15.0,20元,20元,0元,516.0,77400.0,20.0,1000,0.1,0.0012112403100775194,不是
原油,SC,SC2402,15.0,20元,20元,0元,503.1,75465.0,20.0,1000,0.1,0.001242297753925661,不是
原油,SC,SC2603,15.0,20元,20元,0元,488.0,73200.0,20.0,1000,0.1,0.0012807377049180327,不是
原油,SC,SC2405,15.0,20元,20元,0元,508.5,76275.0,20.0,1000,0.1,0.0012291052114060965,不是
原油,SC,SC2606,15.0,20元,20元,0元,485.0,72750.0,20.0,1000,0.1,0.001288659793814433,不是
工业硅,SI,SI2310,9.0,万分之[1],万分之[1],0,12995.0,5847.75,6.5,5,5.0,0.0038476337052712585,不是
工业硅,SI,SI2311,9.0,万分之[1],万分之[1],0,13055.0,5874.75,6.5,5,5.0,0.0038299502106472613,不是
工业硅,SI,SI2309,9.0,万分之[1],万分之[1],0,12990.0,5845.5,6.5,5,5.0,0.003849114703618168,不是
工业硅,SI,SI2308,9.0,万分之[1],万分之[1],0,12950.0,5827.5,6.5,5,5.0,0.003861003861003861,是
工业硅,SI,SI2312,9.0,万分之[1],万分之[1],0,13465.0,6059.25,6.7,5,5.0,0.003713330857779428,不是
工业硅,SI,SI2401,9.0,万分之[1],万分之[1],0,13500.0,6075.0,6.8,5,5.0,0.0037037037037037034,不是
工业硅,SI,SI2402,9.0,万分之[1],万分之[1],0,13560.0,6102.0,6.8,5,5.0,0.003687315634218289,不是
工业硅,SI,SI2403,9.0,万分之[1],万分之[1],0,13665.0,6149.25,6.8,5,5.0,0.003658982802780827,不是
中证500股指期货,IC,IC2306,12.0,万分之[0.23],万分之[0.23],万分之[2.3],6047.2,145132.8,306.0,200,0.2,0.0002544089063469934,是
中证500股指期货,IC,IC2309,12.0,万分之[0.23],万分之[0.23],万分之[2.3],6003.8,144091.2,303.8,200,0.2,0.00025624796603176963,不是
中证500股指期货,IC,IC2312,12.0,万分之[0.23],万分之[0.23],万分之[2.3],5955.6,142934.4,301.4,200,0.2,0.00025832183801154183,不是
中证500股指期货,IC,IC2307,12.0,万分之[0.23],万分之[0.23],万分之[2.3],6027.2,144652.8,305.0,200,0.2,0.0002552531089828674,不是
沪深300股指期货,IF,IF2306,12.0,万分之[0.23],万分之[0.23],万分之[2.3],3800.4,136814.4,288.5,300,0.2,0.00040481568741751884,是
沪深300股指期货,IF,IF2309,12.0,万分之[0.23],万分之[0.23],万分之[2.3],3782.6,136173.6,287.1,300,0.2,0.0004067206520545494,不是
沪深300股指期货,IF,IF2312,12.0,万分之[0.23],万分之[0.23],万分之[2.3],3788.2,136375.2,287.5,300,0.2,0.00040611940722811324,不是
沪深300股指期货,IF,IF2307,12.0,万分之[0.23],万分之[0.23],万分之[2.3],3776.6,135957.6,286.6,300,0.2,0.0004073668216018478,不是
上证50股指期货,IH,IH2306,12.0,万分之[0.23],万分之[0.23],万分之[2.3],2489.6,89625.6,189.0,300,0.2,0.0006179553094720191,是
上证50股指期货,IH,IH2309,12.0,万分之[0.23],万分之[0.23],万分之[2.3],2466.0,88776.0,187.2,300,0.2,0.000623869237007923,不是
上证50股指期货,IH,IH2312,12.0,万分之[0.23],万分之[0.23],万分之[2.3],2478.4,89222.4,188.1,300,0.2,0.0006207478770422606,不是
上证50股指期货,IH,IH2307,12.0,万分之[0.23],万分之[0.23],万分之[2.3],2458.0,88488.0,186.6,300,0.2,0.0006258997308631158,不是
中证1000股指期货,IM,IM2306,12.0,万分之[0.23],万分之[0.23],万分之[2.3],6566.6,157598.4,332.3,200,0.2,0.000234285861551113,是
中证1000股指期货,IM,IM2309,12.0,万分之[0.23],万分之[0.23],万分之[2.3],6516.2,156388.8,329.7,200,0.2,0.0002360979617662961,不是
中证1000股指期货,IM,IM2312,12.0,万分之[0.23],万分之[0.23],万分之[2.3],6473.2,155356.8,327.5,200,0.2,0.0002376663069983221,不是
中证1000股指期货,IM,IM2307,12.0,万分之[0.23],万分之[0.23],万分之[2.3],6550.4,157209.6,331.5,200,0.2,0.0002348652812746609,不是
10年期国债,T,T2306,3.0,3.03元,3.03元,0元,101.99,30597.0,3.0,10000,0.005,0.0012256103539562701,不是
10年期国债,T,T2309,2.0,3.03元,3.03元,0元,101.625,20325.0,3.0,10000,0.005,0.0016400164001640018,是
10年期国债,T,T2312,2.0,3.03元,3.03元,0元,101.235,20247.0,3.0,10000,0.005,0.0016463344363774057,不是
5年期国债,TF,TF2306,2.0,3.03元,3.03元,0元,102.16,20432.0,3.0,10000,0.005,0.001631427825632994,不是
5年期国债,TF,TF2309,1.2,3.03元,3.03元,0元,101.9799,12237.588,3.0,10000,0.005,0.0022286031587864592,是
5年期国债,TF,TF2312,1.2,3.03元,3.03元,0元,101.715,12205.8,3.0,10000,0.005,0.0022344071894285725,不是
30年期国债,TL,TL2309,3.5,3.03元,3.03元,0元,97.17,34009.5,3.0,10000,0.01,0.0022869427006506353,是
30年期国债,TL,TL2306,5.0,3.03元,3.03元,0元,97.39,48695.0,3.0,10000,0.01,0.0017113324434404626,不是
30年期国债,TL,TL2312,3.5,3.03元,3.03元,0元,96.75,33862.5,3.0,10000,0.01,0.0022968705139247776,不是
2年期国债,TS,TS2306,1.0,3.03元,3.03元,0元,101.265,20253.0,3.0,20000,0.005,0.0024687700587567273,不是
2年期国债,TS,TS2309,0.5,3.03元,3.03元,0元,101.245,10124.5,3.0,20000,0.005,0.003292343654830691,是
2年期国债,TS,TS2312,0.5,3.03元,3.03元,0元,101.1049,10110.49,3.0,20000,0.005,0.0032969058209180104,不是
